-- --------------------------------------------------------
-- 호스트:                          127.0.0.1
-- 서버 버전:                        10.9.1-MariaDB - mariadb.org binary distribution
-- 서버 OS:                        Win64
-- HeidiSQL 버전:                  11.3.0.6295
-- --------------------------------------------------------

/*!40101 SET @OLD_CHARACTER_SET_CLIENT=@@CHARACTER_SET_CLIENT */;
/*!40101 SET NAMES utf8 */;
/*!50503 SET NAMES utf8mb4 */;
/*!40014 SET @OLD_FOREIGN_KEY_CHECKS=@@FOREIGN_KEY_CHECKS, FOREIGN_KEY_CHECKS=0 */;
/*!40101 SET @OLD_SQL_MODE=@@SQL_MODE, SQL_MODE='NO_AUTO_VALUE_ON_ZERO' */;
/*!40111 SET @OLD_SQL_NOTES=@@SQL_NOTES, SQL_NOTES=0 */;


-- mini_board 데이터베이스 구조 내보내기
CREATE DATABASE IF NOT EXISTS `mini_board` /*!40100 DEFAULT CHARACTER SET utf8mb4 */;
USE `mini_board`;

-- 프로시저 mini_board.loopInsert 구조 내보내기
DELIMITER //
CREATE PROCEDURE `loopInsert`()
BEGIN
    DECLARE i INT DEFAULT 1;

    WHILE i <= 500 DO
            INSERT INTO tb_post(board_idx, user_idx , title, content , regdate, hit, delete_yn)
            VALUES(1, 1, concat('제목',i), concat('내용',i), NOW(), 0, "N");
            SET i = i + 1;
        END WHILE;
END//
DELIMITER ;

-- 테이블 mini_board.tb_board 구조 내보내기
CREATE TABLE IF NOT EXISTS `tb_board` (
  `idx` int(11) NOT NULL COMMENT 'PK',
  `name` varchar(255) DEFAULT NULL COMMENT '게시판 명',
  `type` varchar(50) DEFAULT NULL,
  PRIMARY KEY (`idx`) USING BTREE
) ENGINE=InnoDB DEFAULT CHARSET=utf8mb4;

-- 테이블 데이터 mini_board.tb_board:~2 rows (대략적) 내보내기
DELETE FROM `tb_board`;
/*!40000 ALTER TABLE `tb_board` DISABLE KEYS */;
INSERT INTO `tb_board` (`idx`, `name`, `type`) VALUES
	(1, 'notice', 'admin'),
	(10, 'community', 'user');
/*!40000 ALTER TABLE `tb_board` ENABLE KEYS */;

-- 테이블 mini_board.tb_post 구조 내보내기
CREATE TABLE IF NOT EXISTS `tb_post` (
  `idx` int(11) NOT NULL AUTO_INCREMENT COMMENT 'PK',
  `board_idx` int(11) NOT NULL COMMENT '게시판 분류 PK',
  `user_idx` int(11) NOT NULL COMMENT '작성자 PK',
  `title` varchar(255) DEFAULT NULL COMMENT '게시글 제목',
  `content` mediumtext DEFAULT NULL COMMENT '게시글 내용',
  `regdate` datetime DEFAULT NULL COMMENT '게시글 등록시간',
  `updatetime` datetime DEFAULT NULL COMMENT '게시글 수정시간',
  `hit` int(11) DEFAULT NULL COMMENT '게시글 조회수',
  `delete_yn` varchar(10) DEFAULT NULL COMMENT '게시글 삭제여부',
  PRIMARY KEY (`idx`) USING BTREE,
  KEY `FK_tb_post_tb_board` (`board_idx`),
  KEY `FK_tb_post_tb_user` (`user_idx`),
  CONSTRAINT `FK_tb_post_tb_board` FOREIGN KEY (`board_idx`) REFERENCES `tb_board` (`idx`) ON DELETE NO ACTION ON UPDATE NO ACTION,
  CONSTRAINT `FK_tb_post_tb_user` FOREIGN KEY (`user_idx`) REFERENCES `tb_user` (`idx`) ON DELETE NO ACTION ON UPDATE NO ACTION
) ENGINE=InnoDB AUTO_INCREMENT=1014 DEFAULT CHARSET=utf8mb4;

-- 테이블 데이터 mini_board.tb_post:~1,011 rows (대략적) 내보내기
DELETE FROM `tb_post`;
/*!40000 ALTER TABLE `tb_post` DISABLE KEYS */;
INSERT INTO `tb_post` (`idx`, `board_idx`, `user_idx`, `title`, `content`, `regdate`, `updatetime`, `hit`, `delete_yn`) VALUES
	(1, 1, 1, '수정 테스트', '리다이렉트?', '2022-10-13 19:05:33', '2022-10-18 11:48:43', 13, 'N'),
	(2, 10, 7, '삭제 테스트', '삭제?', '2022-10-18 12:24:14', NULL, 13, 'N'),
	(3, 1, 1, '제목1', '내용1', '2022-10-18 18:04:54', NULL, 0, 'N'),
	(4, 1, 1, '제목2', '내용2', '2022-10-18 18:04:54', NULL, 0, 'N'),
	(5, 1, 1, '제목3', '내용3', '2022-10-18 18:04:54', NULL, 0, 'N'),
	(6, 1, 1, '제목4', '내용4', '2022-10-18 18:04:54', NULL, 1, 'N'),
	(7, 1, 1, '제목5', '내용5', '2022-10-18 18:04:54', NULL, 0, 'N'),
	(8, 1, 1, '제목6', '내용6', '2022-10-18 18:04:54', NULL, 0, 'N'),
	(9, 1, 1, '제목7', '내용7', '2022-10-18 18:04:54', NULL, 0, 'N'),
	(10, 1, 1, '제목8', '내용8', '2022-10-18 18:04:54', NULL, 0, 'N'),
	(11, 1, 1, '제목9', '내용9', '2022-10-18 18:04:54', NULL, 0, 'N'),
	(12, 1, 1, '제목10', '내용10', '2022-10-18 18:04:54', NULL, 0, 'N'),
	(13, 1, 1, '제목11', '내용11', '2022-10-18 18:04:54', NULL, 0, 'N'),
	(14, 1, 1, '제목12', '내용12', '2022-10-18 18:04:54', NULL, 0, 'N'),
	(15, 1, 1, '제목13', '내용13', '2022-10-18 18:04:54', NULL, 0, 'N'),
	(16, 1, 1, '제목14', '내용14', '2022-10-18 18:04:54', NULL, 0, 'N'),
	(17, 1, 1, '제목15', '내용15', '2022-10-18 18:04:54', NULL, 0, 'N'),
	(18, 1, 1, '제목16', '내용16', '2022-10-18 18:04:54', NULL, 0, 'N'),
	(19, 1, 1, '제목17', '내용17', '2022-10-18 18:04:54', NULL, 0, 'N'),
	(20, 1, 1, '제목18', '내용18', '2022-10-18 18:04:54', NULL, 0, 'N'),
	(21, 1, 1, '제목19', '내용19', '2022-10-18 18:04:54', NULL, 0, 'N'),
	(22, 1, 1, '제목20', '내용20', '2022-10-18 18:04:54', NULL, 0, 'N'),
	(23, 1, 1, '제목21', '내용21', '2022-10-18 18:04:54', NULL, 0, 'N'),
	(24, 1, 1, '제목22', '내용22', '2022-10-18 18:04:54', NULL, 0, 'N'),
	(25, 1, 1, '제목23', '내용23', '2022-10-18 18:04:54', NULL, 0, 'N'),
	(26, 1, 1, '제목24', '내용24', '2022-10-18 18:04:54', NULL, 0, 'N'),
	(27, 1, 1, '제목25', '내용25', '2022-10-18 18:04:54', NULL, 0, 'N'),
	(28, 1, 1, '제목26', '내용26', '2022-10-18 18:04:54', NULL, 0, 'N'),
	(29, 1, 1, '제목27', '내용27', '2022-10-18 18:04:54', NULL, 0, 'N'),
	(30, 1, 1, '제목28', '내용28', '2022-10-18 18:04:54', NULL, 0, 'N'),
	(31, 1, 1, '제목29', '내용29', '2022-10-18 18:04:54', NULL, 0, 'N'),
	(32, 1, 1, '제목30', '내용30', '2022-10-18 18:04:54', NULL, 0, 'N'),
	(33, 1, 1, '제목31', '내용31', '2022-10-18 18:04:54', NULL, 0, 'N'),
	(34, 1, 1, '제목32', '내용32', '2022-10-18 18:04:54', NULL, 0, 'N'),
	(35, 1, 1, '제목33', '내용33', '2022-10-18 18:04:54', NULL, 0, 'N'),
	(36, 1, 1, '제목34', '내용34', '2022-10-18 18:04:54', NULL, 0, 'N'),
	(37, 1, 1, '제목35', '내용35', '2022-10-18 18:04:54', NULL, 0, 'N'),
	(38, 1, 1, '제목36', '내용36', '2022-10-18 18:04:54', NULL, 0, 'N'),
	(39, 1, 1, '제목37', '내용37', '2022-10-18 18:04:54', NULL, 0, 'N'),
	(40, 1, 1, '제목38', '내용38', '2022-10-18 18:04:54', NULL, 0, 'N'),
	(41, 1, 1, '제목39', '내용39', '2022-10-18 18:04:54', NULL, 0, 'N'),
	(42, 1, 1, '제목40', '내용40', '2022-10-18 18:04:54', NULL, 1, 'N'),
	(43, 1, 1, '제목41', '내용41', '2022-10-18 18:04:54', NULL, 0, 'N'),
	(44, 1, 1, '제목42', '내용42', '2022-10-18 18:04:54', NULL, 0, 'N'),
	(45, 1, 1, '제목43', '내용43', '2022-10-18 18:04:54', NULL, 0, 'N'),
	(46, 1, 1, '제목44', '내용44', '2022-10-18 18:04:54', NULL, 0, 'N'),
	(47, 1, 1, '제목45', '내용45', '2022-10-18 18:04:54', NULL, 0, 'N'),
	(48, 1, 1, '제목46', '내용46', '2022-10-18 18:04:54', NULL, 1, 'N'),
	(49, 1, 1, '제목47', '내용47', '2022-10-18 18:04:54', NULL, 0, 'N'),
	(50, 1, 1, '제목48', '내용48', '2022-10-18 18:04:54', NULL, 0, 'N'),
	(51, 1, 1, '제목49', '내용49', '2022-10-18 18:04:54', NULL, 0, 'N'),
	(52, 1, 1, '제목50', '내용50', '2022-10-18 18:04:54', NULL, 0, 'N'),
	(53, 1, 1, '제목51', '내용51', '2022-10-18 18:04:54', NULL, 0, 'N'),
	(54, 1, 1, '제목52', '내용52', '2022-10-18 18:04:54', NULL, 0, 'N'),
	(55, 1, 1, '제목53', '내용53', '2022-10-18 18:04:54', NULL, 0, 'N'),
	(56, 1, 1, '제목54', '내용54', '2022-10-18 18:04:54', NULL, 0, 'N'),
	(57, 1, 1, '제목55', '내용55', '2022-10-18 18:04:54', NULL, 0, 'N'),
	(58, 1, 1, '제목56', '내용56', '2022-10-18 18:04:54', NULL, 0, 'N'),
	(59, 1, 1, '제목57', '내용57', '2022-10-18 18:04:54', NULL, 0, 'N'),
	(60, 1, 1, '제목58', '내용58', '2022-10-18 18:04:54', NULL, 0, 'N'),
	(61, 1, 1, '제목59', '내용59', '2022-10-18 18:04:54', NULL, 0, 'N'),
	(62, 1, 1, '제목60', '내용60', '2022-10-18 18:04:54', NULL, 0, 'N'),
	(63, 1, 1, '제목61', '내용61', '2022-10-18 18:04:54', NULL, 0, 'N'),
	(64, 1, 1, '제목62', '내용62', '2022-10-18 18:04:54', NULL, 0, 'N'),
	(65, 1, 1, '제목63', '내용63', '2022-10-18 18:04:54', NULL, 0, 'N'),
	(66, 1, 1, '제목64', '내용64', '2022-10-18 18:04:54', NULL, 0, 'N'),
	(67, 1, 1, '제목65', '내용65', '2022-10-18 18:04:54', NULL, 0, 'N'),
	(68, 1, 1, '제목66', '내용66', '2022-10-18 18:04:54', NULL, 0, 'N'),
	(69, 1, 1, '제목67', '내용67', '2022-10-18 18:04:54', NULL, 0, 'N'),
	(70, 1, 1, '제목68', '내용68', '2022-10-18 18:04:54', NULL, 0, 'N'),
	(71, 1, 1, '제목69', '내용69', '2022-10-18 18:04:54', NULL, 0, 'N'),
	(72, 1, 1, '제목70', '내용70', '2022-10-18 18:04:54', NULL, 0, 'N'),
	(73, 1, 1, '제목71', '내용71', '2022-10-18 18:04:54', NULL, 0, 'N'),
	(74, 1, 1, '제목72', '내용72', '2022-10-18 18:04:54', NULL, 0, 'N'),
	(75, 1, 1, '제목73', '내용73', '2022-10-18 18:04:54', NULL, 0, 'N'),
	(76, 1, 1, '제목74', '내용74', '2022-10-18 18:04:54', NULL, 0, 'N'),
	(77, 1, 1, '제목75', '내용75', '2022-10-18 18:04:54', NULL, 0, 'N'),
	(78, 1, 1, '제목76', '내용76', '2022-10-18 18:04:54', NULL, 0, 'N'),
	(79, 1, 1, '제목77', '내용77', '2022-10-18 18:04:54', NULL, 0, 'N'),
	(80, 1, 1, '제목78', '내용78', '2022-10-18 18:04:54', NULL, 0, 'N'),
	(81, 1, 1, '제목79', '내용79', '2022-10-18 18:04:54', NULL, 0, 'N'),
	(82, 1, 1, '제목80', '내용80', '2022-10-18 18:04:54', NULL, 0, 'N'),
	(83, 1, 1, '제목81', '내용81', '2022-10-18 18:04:54', NULL, 0, 'N'),
	(84, 1, 1, '제목82', '내용82', '2022-10-18 18:04:54', NULL, 0, 'N'),
	(85, 1, 1, '제목83', '내용83', '2022-10-18 18:04:54', NULL, 0, 'N'),
	(86, 1, 1, '제목84', '내용84', '2022-10-18 18:04:54', NULL, 0, 'N'),
	(87, 1, 1, '제목85', '내용85', '2022-10-18 18:04:54', NULL, 0, 'N'),
	(88, 1, 1, '제목86', '내용86', '2022-10-18 18:04:54', NULL, 0, 'N'),
	(89, 1, 1, '제목87', '내용87', '2022-10-18 18:04:54', NULL, 0, 'N'),
	(90, 1, 1, '제목88', '내용88', '2022-10-18 18:04:54', NULL, 0, 'N'),
	(91, 1, 1, '제목89', '내용89', '2022-10-18 18:04:54', NULL, 0, 'N'),
	(92, 1, 1, '제목90', '내용90', '2022-10-18 18:04:54', NULL, 0, 'N'),
	(93, 1, 1, '제목91', '내용91', '2022-10-18 18:04:54', NULL, 0, 'N'),
	(94, 1, 1, '제목92', '내용92', '2022-10-18 18:04:54', NULL, 0, 'N'),
	(95, 1, 1, '제목93', '내용93', '2022-10-18 18:04:54', NULL, 0, 'N'),
	(96, 1, 1, '제목94', '내용94', '2022-10-18 18:04:54', NULL, 0, 'N'),
	(97, 1, 1, '제목95', '내용95', '2022-10-18 18:04:54', NULL, 0, 'N'),
	(98, 1, 1, '제목96', '내용96', '2022-10-18 18:04:54', NULL, 0, 'N'),
	(99, 1, 1, '제목97', '내용97', '2022-10-18 18:04:54', NULL, 0, 'N'),
	(100, 1, 1, '제목98', '내용98', '2022-10-18 18:04:54', NULL, 0, 'N'),
	(101, 1, 1, '제목99', '내용99', '2022-10-18 18:04:54', NULL, 0, 'N'),
	(102, 1, 1, '제목100', '내용100', '2022-10-18 18:04:54', NULL, 0, 'N'),
	(103, 1, 1, '제목101', '내용101', '2022-10-18 18:04:54', NULL, 0, 'N'),
	(104, 1, 1, '제목102', '내용102', '2022-10-18 18:04:54', NULL, 0, 'N'),
	(105, 1, 1, '제목103', '내용103', '2022-10-18 18:04:54', NULL, 0, 'N'),
	(106, 1, 1, '제목104', '내용104', '2022-10-18 18:04:54', NULL, 0, 'N'),
	(107, 1, 1, '제목105', '내용105', '2022-10-18 18:04:54', NULL, 0, 'N'),
	(108, 1, 1, '제목106', '내용106', '2022-10-18 18:04:54', NULL, 0, 'N'),
	(109, 1, 1, '제목107', '내용107', '2022-10-18 18:04:54', NULL, 0, 'N'),
	(110, 1, 1, '제목108', '내용108', '2022-10-18 18:04:54', NULL, 0, 'N'),
	(111, 1, 1, '제목109', '내용109', '2022-10-18 18:04:54', NULL, 0, 'N'),
	(112, 1, 1, '제목110', '내용110', '2022-10-18 18:04:54', NULL, 0, 'N'),
	(113, 1, 1, '제목111', '내용111', '2022-10-18 18:04:54', NULL, 0, 'N'),
	(114, 1, 1, '제목112', '내용112', '2022-10-18 18:04:54', NULL, 0, 'N'),
	(115, 1, 1, '제목113', '내용113', '2022-10-18 18:04:54', NULL, 0, 'N'),
	(116, 1, 1, '제목114', '내용114', '2022-10-18 18:04:54', NULL, 0, 'N'),
	(117, 1, 1, '제목115', '내용115', '2022-10-18 18:04:54', NULL, 0, 'N'),
	(118, 1, 1, '제목116', '내용116', '2022-10-18 18:04:54', NULL, 0, 'N'),
	(119, 1, 1, '제목117', '내용117', '2022-10-18 18:04:54', NULL, 0, 'N'),
	(120, 1, 1, '제목118', '내용118', '2022-10-18 18:04:54', NULL, 0, 'N'),
	(121, 1, 1, '제목119', '내용119', '2022-10-18 18:04:54', NULL, 0, 'N'),
	(122, 1, 1, '제목120', '내용120', '2022-10-18 18:04:54', NULL, 0, 'N'),
	(123, 1, 1, '제목121', '내용121', '2022-10-18 18:04:54', NULL, 0, 'N'),
	(124, 1, 1, '제목122', '내용122', '2022-10-18 18:04:54', NULL, 0, 'N'),
	(125, 1, 1, '제목123', '내용123', '2022-10-18 18:04:54', NULL, 0, 'N'),
	(126, 1, 1, '제목124', '내용124', '2022-10-18 18:04:54', NULL, 0, 'N'),
	(127, 1, 1, '제목125', '내용125', '2022-10-18 18:04:54', NULL, 0, 'N'),
	(128, 1, 1, '제목126', '내용126', '2022-10-18 18:04:54', NULL, 0, 'N'),
	(129, 1, 1, '제목127', '내용127', '2022-10-18 18:04:54', NULL, 0, 'N'),
	(130, 1, 1, '제목128', '내용128', '2022-10-18 18:04:54', NULL, 0, 'N'),
	(131, 1, 1, '제목129', '내용129', '2022-10-18 18:04:54', NULL, 0, 'N'),
	(132, 1, 1, '제목130', '내용130', '2022-10-18 18:04:54', NULL, 0, 'N'),
	(133, 1, 1, '제목131', '내용131', '2022-10-18 18:04:54', NULL, 0, 'N'),
	(134, 1, 1, '제목132', '내용132', '2022-10-18 18:04:54', NULL, 0, 'N'),
	(135, 1, 1, '제목133', '내용133', '2022-10-18 18:04:54', NULL, 0, 'N'),
	(136, 1, 1, '제목134', '내용134', '2022-10-18 18:04:54', NULL, 0, 'N'),
	(137, 1, 1, '제목135', '내용135', '2022-10-18 18:04:54', NULL, 0, 'N'),
	(138, 1, 1, '제목136', '내용136', '2022-10-18 18:04:54', NULL, 0, 'N'),
	(139, 1, 1, '제목137', '내용137', '2022-10-18 18:04:54', NULL, 0, 'N'),
	(140, 1, 1, '제목138', '내용138', '2022-10-18 18:04:54', NULL, 0, 'N'),
	(141, 1, 1, '제목139', '내용139', '2022-10-18 18:04:54', NULL, 0, 'N'),
	(142, 1, 1, '제목140', '내용140', '2022-10-18 18:04:54', NULL, 0, 'N'),
	(143, 1, 1, '제목141', '내용141', '2022-10-18 18:04:54', NULL, 0, 'N'),
	(144, 1, 1, '제목142', '내용142', '2022-10-18 18:04:54', NULL, 0, 'N'),
	(145, 1, 1, '제목143', '내용143', '2022-10-18 18:04:54', NULL, 0, 'N'),
	(146, 1, 1, '제목144', '내용144', '2022-10-18 18:04:54', NULL, 0, 'N'),
	(147, 1, 1, '제목145', '내용145', '2022-10-18 18:04:54', NULL, 0, 'N'),
	(148, 1, 1, '제목146', '내용146', '2022-10-18 18:04:54', NULL, 0, 'N'),
	(149, 1, 1, '제목147', '내용147', '2022-10-18 18:04:54', NULL, 0, 'N'),
	(150, 1, 1, '제목148', '내용148', '2022-10-18 18:04:54', NULL, 0, 'N'),
	(151, 1, 1, '제목149', '내용149', '2022-10-18 18:04:54', NULL, 0, 'N'),
	(152, 1, 1, '제목150', '내용150', '2022-10-18 18:04:54', NULL, 0, 'N'),
	(153, 1, 1, '제목151', '내용151', '2022-10-18 18:04:54', NULL, 0, 'N'),
	(154, 1, 1, '제목152', '내용152', '2022-10-18 18:04:54', NULL, 0, 'N'),
	(155, 1, 1, '제목153', '내용153', '2022-10-18 18:04:54', NULL, 0, 'N'),
	(156, 1, 1, '제목154', '내용154', '2022-10-18 18:04:54', NULL, 0, 'N'),
	(157, 1, 1, '제목155', '내용155', '2022-10-18 18:04:54', NULL, 0, 'N'),
	(158, 1, 1, '제목156', '내용156', '2022-10-18 18:04:54', NULL, 0, 'N'),
	(159, 1, 1, '제목157', '내용157', '2022-10-18 18:04:54', NULL, 0, 'N'),
	(160, 1, 1, '제목158', '내용158', '2022-10-18 18:04:54', NULL, 0, 'N'),
	(161, 1, 1, '제목159', '내용159', '2022-10-18 18:04:54', NULL, 0, 'N'),
	(162, 1, 1, '제목160', '내용160', '2022-10-18 18:04:54', NULL, 0, 'N'),
	(163, 1, 1, '제목161', '내용161', '2022-10-18 18:04:54', NULL, 0, 'N'),
	(164, 1, 1, '제목162', '내용162', '2022-10-18 18:04:54', NULL, 0, 'N'),
	(165, 1, 1, '제목163', '내용163', '2022-10-18 18:04:54', NULL, 0, 'N'),
	(166, 1, 1, '제목164', '내용164', '2022-10-18 18:04:54', NULL, 0, 'N'),
	(167, 1, 1, '제목165', '내용165', '2022-10-18 18:04:54', NULL, 0, 'N'),
	(168, 1, 1, '제목166', '내용166', '2022-10-18 18:04:54', NULL, 0, 'N'),
	(169, 1, 1, '제목167', '내용167', '2022-10-18 18:04:54', NULL, 0, 'N'),
	(170, 1, 1, '제목168', '내용168', '2022-10-18 18:04:54', NULL, 0, 'N'),
	(171, 1, 1, '제목169', '내용169', '2022-10-18 18:04:54', NULL, 0, 'N'),
	(172, 1, 1, '제목170', '내용170', '2022-10-18 18:04:54', NULL, 0, 'N'),
	(173, 1, 1, '제목171', '내용171', '2022-10-18 18:04:54', NULL, 0, 'N'),
	(174, 1, 1, '제목172', '내용172', '2022-10-18 18:04:54', NULL, 0, 'N'),
	(175, 1, 1, '제목173', '내용173', '2022-10-18 18:04:54', NULL, 0, 'N'),
	(176, 1, 1, '제목174', '내용174', '2022-10-18 18:04:54', NULL, 0, 'N'),
	(177, 1, 1, '제목175', '내용175', '2022-10-18 18:04:54', NULL, 0, 'N'),
	(178, 1, 1, '제목176', '내용176', '2022-10-18 18:04:54', NULL, 0, 'N'),
	(179, 1, 1, '제목177', '내용177', '2022-10-18 18:04:54', NULL, 0, 'N'),
	(180, 1, 1, '제목178', '내용178', '2022-10-18 18:04:54', NULL, 0, 'N'),
	(181, 1, 1, '제목179', '내용179', '2022-10-18 18:04:54', NULL, 0, 'N'),
	(182, 1, 1, '제목180', '내용180', '2022-10-18 18:04:54', NULL, 0, 'N'),
	(183, 1, 1, '제목181', '내용181', '2022-10-18 18:04:54', NULL, 0, 'N'),
	(184, 1, 1, '제목182', '내용182', '2022-10-18 18:04:54', NULL, 0, 'N'),
	(185, 1, 1, '제목183', '내용183', '2022-10-18 18:04:54', NULL, 0, 'N'),
	(186, 1, 1, '제목184', '내용184', '2022-10-18 18:04:54', NULL, 0, 'N'),
	(187, 1, 1, '제목185', '내용185', '2022-10-18 18:04:54', NULL, 0, 'N'),
	(188, 1, 1, '제목186', '내용186', '2022-10-18 18:04:54', NULL, 0, 'N'),
	(189, 1, 1, '제목187', '내용187', '2022-10-18 18:04:54', NULL, 0, 'N'),
	(190, 1, 1, '제목188', '내용188', '2022-10-18 18:04:54', NULL, 0, 'N'),
	(191, 1, 1, '제목189', '내용189', '2022-10-18 18:04:54', NULL, 0, 'N'),
	(192, 1, 1, '제목190', '내용190', '2022-10-18 18:04:54', NULL, 0, 'N'),
	(193, 1, 1, '제목191', '내용191', '2022-10-18 18:04:54', NULL, 0, 'N'),
	(194, 1, 1, '제목192', '내용192', '2022-10-18 18:04:54', NULL, 0, 'N'),
	(195, 1, 1, '제목193', '내용193', '2022-10-18 18:04:54', NULL, 0, 'N'),
	(196, 1, 1, '제목194', '내용194', '2022-10-18 18:04:54', NULL, 0, 'N'),
	(197, 1, 1, '제목195', '내용195', '2022-10-18 18:04:54', NULL, 0, 'N'),
	(198, 1, 1, '제목196', '내용196', '2022-10-18 18:04:54', NULL, 0, 'N'),
	(199, 1, 1, '제목197', '내용197', '2022-10-18 18:04:54', NULL, 0, 'N'),
	(200, 1, 1, '제목198', '내용198', '2022-10-18 18:04:54', NULL, 0, 'N'),
	(201, 1, 1, '제목199', '내용199', '2022-10-18 18:04:54', NULL, 0, 'N'),
	(202, 1, 1, '제목200', '내용200', '2022-10-18 18:04:54', NULL, 0, 'N'),
	(203, 1, 1, '제목201', '내용201', '2022-10-18 18:04:54', NULL, 0, 'N'),
	(204, 1, 1, '제목202', '내용202', '2022-10-18 18:04:54', NULL, 0, 'N'),
	(205, 1, 1, '제목203', '내용203', '2022-10-18 18:04:54', NULL, 0, 'N'),
	(206, 1, 1, '제목204', '내용204', '2022-10-18 18:04:54', NULL, 0, 'N'),
	(207, 1, 1, '제목205', '내용205', '2022-10-18 18:04:54', NULL, 0, 'N'),
	(208, 1, 1, '제목206', '내용206', '2022-10-18 18:04:54', NULL, 0, 'N'),
	(209, 1, 1, '제목207', '내용207', '2022-10-18 18:04:54', NULL, 0, 'N'),
	(210, 1, 1, '제목208', '내용208', '2022-10-18 18:04:54', NULL, 0, 'N'),
	(211, 1, 1, '제목209', '내용209', '2022-10-18 18:04:54', NULL, 0, 'N'),
	(212, 1, 1, '제목210', '내용210', '2022-10-18 18:04:54', NULL, 0, 'N'),
	(213, 1, 1, '제목211', '내용211', '2022-10-18 18:04:54', NULL, 0, 'N'),
	(214, 1, 1, '제목212', '내용212', '2022-10-18 18:04:54', NULL, 0, 'N'),
	(215, 1, 1, '제목213', '내용213', '2022-10-18 18:04:54', NULL, 0, 'N'),
	(216, 1, 1, '제목214', '내용214', '2022-10-18 18:04:54', NULL, 0, 'N'),
	(217, 1, 1, '제목215', '내용215', '2022-10-18 18:04:54', NULL, 0, 'N'),
	(218, 1, 1, '제목216', '내용216', '2022-10-18 18:04:54', NULL, 0, 'N'),
	(219, 1, 1, '제목217', '내용217', '2022-10-18 18:04:54', NULL, 0, 'N'),
	(220, 1, 1, '제목218', '내용218', '2022-10-18 18:04:54', NULL, 0, 'N'),
	(221, 1, 1, '제목219', '내용219', '2022-10-18 18:04:54', NULL, 0, 'N'),
	(222, 1, 1, '제목220', '내용220', '2022-10-18 18:04:54', NULL, 0, 'N'),
	(223, 1, 1, '제목221', '내용221', '2022-10-18 18:04:54', NULL, 0, 'N'),
	(224, 1, 1, '제목222', '내용222', '2022-10-18 18:04:54', NULL, 0, 'N'),
	(225, 1, 1, '제목223', '내용223', '2022-10-18 18:04:54', NULL, 0, 'N'),
	(226, 1, 1, '제목224', '내용224', '2022-10-18 18:04:54', NULL, 0, 'N'),
	(227, 1, 1, '제목225', '내용225', '2022-10-18 18:04:54', NULL, 0, 'N'),
	(228, 1, 1, '제목226', '내용226', '2022-10-18 18:04:54', NULL, 0, 'N'),
	(229, 1, 1, '제목227', '내용227', '2022-10-18 18:04:54', NULL, 0, 'N'),
	(230, 1, 1, '제목228', '내용228', '2022-10-18 18:04:54', NULL, 0, 'N'),
	(231, 1, 1, '제목229', '내용229', '2022-10-18 18:04:54', NULL, 0, 'N'),
	(232, 1, 1, '제목230', '내용230', '2022-10-18 18:04:54', NULL, 0, 'N'),
	(233, 1, 1, '제목231', '내용231', '2022-10-18 18:04:54', NULL, 0, 'N'),
	(234, 1, 1, '제목232', '내용232', '2022-10-18 18:04:54', NULL, 0, 'N'),
	(235, 1, 1, '제목233', '내용233', '2022-10-18 18:04:54', NULL, 0, 'N'),
	(236, 1, 1, '제목234', '내용234', '2022-10-18 18:04:54', NULL, 0, 'N'),
	(237, 1, 1, '제목235', '내용235', '2022-10-18 18:04:54', NULL, 0, 'N'),
	(238, 1, 1, '제목236', '내용236', '2022-10-18 18:04:54', NULL, 0, 'N'),
	(239, 1, 1, '제목237', '내용237', '2022-10-18 18:04:54', NULL, 0, 'N'),
	(240, 1, 1, '제목238', '내용238', '2022-10-18 18:04:54', NULL, 0, 'N'),
	(241, 1, 1, '제목239', '내용239', '2022-10-18 18:04:54', NULL, 0, 'N'),
	(242, 1, 1, '제목240', '내용240', '2022-10-18 18:04:54', NULL, 0, 'N'),
	(243, 1, 1, '제목241', '내용241', '2022-10-18 18:04:54', NULL, 0, 'N'),
	(244, 1, 1, '제목242', '내용242', '2022-10-18 18:04:54', NULL, 0, 'N'),
	(245, 1, 1, '제목243', '내용243', '2022-10-18 18:04:54', NULL, 0, 'N'),
	(246, 1, 1, '제목244', '내용244', '2022-10-18 18:04:54', NULL, 0, 'N'),
	(247, 1, 1, '제목245', '내용245', '2022-10-18 18:04:54', NULL, 0, 'N'),
	(248, 1, 1, '제목246', '내용246', '2022-10-18 18:04:54', NULL, 0, 'N'),
	(249, 1, 1, '제목247', '내용247', '2022-10-18 18:04:54', NULL, 0, 'N'),
	(250, 1, 1, '제목248', '내용248', '2022-10-18 18:04:54', NULL, 0, 'N'),
	(251, 1, 1, '제목249', '내용249', '2022-10-18 18:04:54', NULL, 0, 'N'),
	(252, 1, 1, '제목250', '내용250', '2022-10-18 18:04:54', NULL, 0, 'N'),
	(253, 1, 1, '제목251', '내용251', '2022-10-18 18:04:54', NULL, 0, 'N'),
	(254, 1, 1, '제목252', '내용252', '2022-10-18 18:04:54', NULL, 0, 'N'),
	(255, 1, 1, '제목253', '내용253', '2022-10-18 18:04:54', NULL, 0, 'N'),
	(256, 1, 1, '제목254', '내용254', '2022-10-18 18:04:54', NULL, 0, 'N'),
	(257, 1, 1, '제목255', '내용255', '2022-10-18 18:04:54', NULL, 0, 'N'),
	(258, 1, 1, '제목256', '내용256', '2022-10-18 18:04:54', NULL, 0, 'N'),
	(259, 1, 1, '제목257', '내용257', '2022-10-18 18:04:54', NULL, 0, 'N'),
	(260, 1, 1, '제목258', '내용258', '2022-10-18 18:04:54', NULL, 0, 'N'),
	(261, 1, 1, '제목259', '내용259', '2022-10-18 18:04:54', NULL, 0, 'N'),
	(262, 1, 1, '제목260', '내용260', '2022-10-18 18:04:54', NULL, 0, 'N'),
	(263, 1, 1, '제목261', '내용261', '2022-10-18 18:04:54', NULL, 0, 'N'),
	(264, 1, 1, '제목262', '내용262', '2022-10-18 18:04:54', NULL, 0, 'N'),
	(265, 1, 1, '제목263', '내용263', '2022-10-18 18:04:54', NULL, 0, 'N'),
	(266, 1, 1, '제목264', '내용264', '2022-10-18 18:04:54', NULL, 0, 'N'),
	(267, 1, 1, '제목265', '내용265', '2022-10-18 18:04:54', NULL, 0, 'N'),
	(268, 1, 1, '제목266', '내용266', '2022-10-18 18:04:54', NULL, 0, 'N'),
	(269, 1, 1, '제목267', '내용267', '2022-10-18 18:04:54', NULL, 0, 'N'),
	(270, 1, 1, '제목268', '내용268', '2022-10-18 18:04:54', NULL, 0, 'N'),
	(271, 1, 1, '제목269', '내용269', '2022-10-18 18:04:54', NULL, 0, 'N'),
	(272, 1, 1, '제목270', '내용270', '2022-10-18 18:04:54', NULL, 0, 'N'),
	(273, 1, 1, '제목271', '내용271', '2022-10-18 18:04:54', NULL, 0, 'N'),
	(274, 1, 1, '제목272', '내용272', '2022-10-18 18:04:54', NULL, 0, 'N'),
	(275, 1, 1, '제목273', '내용273', '2022-10-18 18:04:54', NULL, 0, 'N'),
	(276, 1, 1, '제목274', '내용274', '2022-10-18 18:04:54', NULL, 0, 'N'),
	(277, 1, 1, '제목275', '내용275', '2022-10-18 18:04:54', NULL, 0, 'N'),
	(278, 1, 1, '제목276', '내용276', '2022-10-18 18:04:54', NULL, 0, 'N'),
	(279, 1, 1, '제목277', '내용277', '2022-10-18 18:04:54', NULL, 0, 'N'),
	(280, 1, 1, '제목278', '내용278', '2022-10-18 18:04:54', NULL, 0, 'N'),
	(281, 1, 1, '제목279', '내용279', '2022-10-18 18:04:54', NULL, 0, 'N'),
	(282, 1, 1, '제목280', '내용280', '2022-10-18 18:04:54', NULL, 0, 'N'),
	(283, 1, 1, '제목281', '내용281', '2022-10-18 18:04:54', NULL, 0, 'N'),
	(284, 1, 1, '제목282', '내용282', '2022-10-18 18:04:54', NULL, 0, 'N'),
	(285, 1, 1, '제목283', '내용283', '2022-10-18 18:04:54', NULL, 0, 'N'),
	(286, 1, 1, '제목284', '내용284', '2022-10-18 18:04:54', NULL, 0, 'N'),
	(287, 1, 1, '제목285', '내용285', '2022-10-18 18:04:54', NULL, 0, 'N'),
	(288, 1, 1, '제목286', '내용286', '2022-10-18 18:04:54', NULL, 0, 'N'),
	(289, 1, 1, '제목287', '내용287', '2022-10-18 18:04:54', NULL, 0, 'N'),
	(290, 1, 1, '제목288', '내용288', '2022-10-18 18:04:54', NULL, 0, 'N'),
	(291, 1, 1, '제목289', '내용289', '2022-10-18 18:04:54', NULL, 0, 'N'),
	(292, 1, 1, '제목290', '내용290', '2022-10-18 18:04:54', NULL, 0, 'N'),
	(293, 1, 1, '제목291', '내용291', '2022-10-18 18:04:54', NULL, 0, 'N'),
	(294, 1, 1, '제목292', '내용292', '2022-10-18 18:04:54', NULL, 0, 'N'),
	(295, 1, 1, '제목293', '내용293', '2022-10-18 18:04:54', NULL, 0, 'N'),
	(296, 1, 1, '제목294', '내용294', '2022-10-18 18:04:54', NULL, 0, 'N'),
	(297, 1, 1, '제목295', '내용295', '2022-10-18 18:04:54', NULL, 0, 'N'),
	(298, 1, 1, '제목296', '내용296', '2022-10-18 18:04:54', NULL, 0, 'N'),
	(299, 1, 1, '제목297', '내용297', '2022-10-18 18:04:54', NULL, 0, 'N'),
	(300, 1, 1, '제목298', '내용298', '2022-10-18 18:04:54', NULL, 0, 'N'),
	(301, 1, 1, '제목299', '내용299', '2022-10-18 18:04:54', NULL, 0, 'N'),
	(302, 1, 1, '제목300', '내용300', '2022-10-18 18:04:54', NULL, 0, 'N'),
	(303, 1, 1, '제목301', '내용301', '2022-10-18 18:04:54', NULL, 0, 'N'),
	(304, 1, 1, '제목302', '내용302', '2022-10-18 18:04:54', NULL, 0, 'N'),
	(305, 1, 1, '제목303', '내용303', '2022-10-18 18:04:54', NULL, 0, 'N'),
	(306, 1, 1, '제목304', '내용304', '2022-10-18 18:04:54', NULL, 0, 'N'),
	(307, 1, 1, '제목305', '내용305', '2022-10-18 18:04:54', NULL, 0, 'N'),
	(308, 1, 1, '제목306', '내용306', '2022-10-18 18:04:54', NULL, 0, 'N'),
	(309, 1, 1, '제목307', '내용307', '2022-10-18 18:04:54', NULL, 0, 'N'),
	(310, 1, 1, '제목308', '내용308', '2022-10-18 18:04:54', NULL, 0, 'N'),
	(311, 1, 1, '제목309', '내용309', '2022-10-18 18:04:54', NULL, 0, 'N'),
	(312, 1, 1, '제목310', '내용310', '2022-10-18 18:04:54', NULL, 0, 'N'),
	(313, 1, 1, '제목311', '내용311', '2022-10-18 18:04:54', NULL, 0, 'N'),
	(314, 1, 1, '제목312', '내용312', '2022-10-18 18:04:54', NULL, 0, 'N'),
	(315, 1, 1, '제목313', '내용313', '2022-10-18 18:04:54', NULL, 0, 'N'),
	(316, 1, 1, '제목314', '내용314', '2022-10-18 18:04:54', NULL, 0, 'N'),
	(317, 1, 1, '제목315', '내용315', '2022-10-18 18:04:54', NULL, 0, 'N'),
	(318, 1, 1, '제목316', '내용316', '2022-10-18 18:04:54', NULL, 0, 'N'),
	(319, 1, 1, '제목317', '내용317', '2022-10-18 18:04:54', NULL, 0, 'N'),
	(320, 1, 1, '제목318', '내용318', '2022-10-18 18:04:54', NULL, 0, 'N'),
	(321, 1, 1, '제목319', '내용319', '2022-10-18 18:04:54', NULL, 0, 'N'),
	(322, 1, 1, '제목320', '내용320', '2022-10-18 18:04:54', NULL, 0, 'N'),
	(323, 1, 1, '제목321', '내용321', '2022-10-18 18:04:54', NULL, 0, 'N'),
	(324, 1, 1, '제목322', '내용322', '2022-10-18 18:04:54', NULL, 0, 'N'),
	(325, 1, 1, '제목323', '내용323', '2022-10-18 18:04:54', NULL, 0, 'N'),
	(326, 1, 1, '제목324', '내용324', '2022-10-18 18:04:54', NULL, 0, 'N'),
	(327, 1, 1, '제목325', '내용325', '2022-10-18 18:04:54', NULL, 0, 'N'),
	(328, 1, 1, '제목326', '내용326', '2022-10-18 18:04:54', NULL, 0, 'N'),
	(329, 1, 1, '제목327', '내용327', '2022-10-18 18:04:54', NULL, 0, 'N'),
	(330, 1, 1, '제목328', '내용328', '2022-10-18 18:04:54', NULL, 0, 'N'),
	(331, 1, 1, '제목329', '내용329', '2022-10-18 18:04:54', NULL, 0, 'N'),
	(332, 1, 1, '제목330', '내용330', '2022-10-18 18:04:54', NULL, 0, 'N'),
	(333, 1, 1, '제목331', '내용331', '2022-10-18 18:04:54', NULL, 0, 'N'),
	(334, 1, 1, '제목332', '내용332', '2022-10-18 18:04:54', NULL, 0, 'N'),
	(335, 1, 1, '제목333', '내용333', '2022-10-18 18:04:54', NULL, 0, 'N'),
	(336, 1, 1, '제목334', '내용334', '2022-10-18 18:04:54', NULL, 0, 'N'),
	(337, 1, 1, '제목335', '내용335', '2022-10-18 18:04:54', NULL, 0, 'N'),
	(338, 1, 1, '제목336', '내용336', '2022-10-18 18:04:54', NULL, 0, 'N'),
	(339, 1, 1, '제목337', '내용337', '2022-10-18 18:04:54', NULL, 0, 'N'),
	(340, 1, 1, '제목338', '내용338', '2022-10-18 18:04:54', NULL, 0, 'N'),
	(341, 1, 1, '제목339', '내용339', '2022-10-18 18:04:54', NULL, 0, 'N'),
	(342, 1, 1, '제목340', '내용340', '2022-10-18 18:04:54', NULL, 0, 'N'),
	(343, 1, 1, '제목341', '내용341', '2022-10-18 18:04:54', NULL, 0, 'N'),
	(344, 1, 1, '제목342', '내용342', '2022-10-18 18:04:54', NULL, 0, 'N'),
	(345, 1, 1, '제목343', '내용343', '2022-10-18 18:04:54', NULL, 0, 'N'),
	(346, 1, 1, '제목344', '내용344', '2022-10-18 18:04:54', NULL, 0, 'N'),
	(347, 1, 1, '제목345', '내용345', '2022-10-18 18:04:54', NULL, 0, 'N'),
	(348, 1, 1, '제목346', '내용346', '2022-10-18 18:04:54', NULL, 0, 'N'),
	(349, 1, 1, '제목347', '내용347', '2022-10-18 18:04:54', NULL, 0, 'N'),
	(350, 1, 1, '제목348', '내용348', '2022-10-18 18:04:54', NULL, 0, 'N'),
	(351, 1, 1, '제목349', '내용349', '2022-10-18 18:04:54', NULL, 0, 'N'),
	(352, 1, 1, '제목350', '내용350', '2022-10-18 18:04:54', NULL, 0, 'N'),
	(353, 1, 1, '제목351', '내용351', '2022-10-18 18:04:54', NULL, 0, 'N'),
	(354, 1, 1, '제목352', '내용352', '2022-10-18 18:04:54', NULL, 0, 'N'),
	(355, 1, 1, '제목353', '내용353', '2022-10-18 18:04:54', NULL, 0, 'N'),
	(356, 1, 1, '제목354', '내용354', '2022-10-18 18:04:54', NULL, 0, 'N'),
	(357, 1, 1, '제목355', '내용355', '2022-10-18 18:04:54', NULL, 0, 'N'),
	(358, 1, 1, '제목356', '내용356', '2022-10-18 18:04:54', NULL, 0, 'N'),
	(359, 1, 1, '제목357', '내용357', '2022-10-18 18:04:54', NULL, 0, 'N'),
	(360, 1, 1, '제목358', '내용358', '2022-10-18 18:04:54', NULL, 0, 'N'),
	(361, 1, 1, '제목359', '내용359', '2022-10-18 18:04:54', NULL, 0, 'N'),
	(362, 1, 1, '제목360', '내용360', '2022-10-18 18:04:54', NULL, 0, 'N'),
	(363, 1, 1, '제목361', '내용361', '2022-10-18 18:04:54', NULL, 0, 'N'),
	(364, 1, 1, '제목362', '내용362', '2022-10-18 18:04:54', NULL, 0, 'N'),
	(365, 1, 1, '제목363', '내용363', '2022-10-18 18:04:54', NULL, 0, 'N'),
	(366, 1, 1, '제목364', '내용364', '2022-10-18 18:04:54', NULL, 0, 'N'),
	(367, 1, 1, '제목365', '내용365', '2022-10-18 18:04:54', NULL, 0, 'N'),
	(368, 1, 1, '제목366', '내용366', '2022-10-18 18:04:54', NULL, 0, 'N'),
	(369, 1, 1, '제목367', '내용367', '2022-10-18 18:04:54', NULL, 0, 'N'),
	(370, 1, 1, '제목368', '내용368', '2022-10-18 18:04:54', NULL, 0, 'N'),
	(371, 1, 1, '제목369', '내용369', '2022-10-18 18:04:54', NULL, 0, 'N'),
	(372, 1, 1, '제목370', '내용370', '2022-10-18 18:04:54', NULL, 0, 'N'),
	(373, 1, 1, '제목371', '내용371', '2022-10-18 18:04:54', NULL, 0, 'N'),
	(374, 1, 1, '제목372', '내용372', '2022-10-18 18:04:54', NULL, 0, 'N'),
	(375, 1, 1, '제목373', '내용373', '2022-10-18 18:04:54', NULL, 0, 'N'),
	(376, 1, 1, '제목374', '내용374', '2022-10-18 18:04:54', NULL, 0, 'N'),
	(377, 1, 1, '제목375', '내용375', '2022-10-18 18:04:54', NULL, 0, 'N'),
	(378, 1, 1, '제목376', '내용376', '2022-10-18 18:04:54', NULL, 0, 'N'),
	(379, 1, 1, '제목377', '내용377', '2022-10-18 18:04:54', NULL, 0, 'N'),
	(380, 1, 1, '제목378', '내용378', '2022-10-18 18:04:54', NULL, 0, 'N'),
	(381, 1, 1, '제목379', '내용379', '2022-10-18 18:04:54', NULL, 0, 'N'),
	(382, 1, 1, '제목380', '내용380', '2022-10-18 18:04:54', NULL, 0, 'N'),
	(383, 1, 1, '제목381', '내용381', '2022-10-18 18:04:54', NULL, 0, 'N'),
	(384, 1, 1, '제목382', '내용382', '2022-10-18 18:04:54', NULL, 0, 'N'),
	(385, 1, 1, '제목383', '내용383', '2022-10-18 18:04:54', NULL, 0, 'N'),
	(386, 1, 1, '제목384', '내용384', '2022-10-18 18:04:54', NULL, 0, 'N'),
	(387, 1, 1, '제목385', '내용385', '2022-10-18 18:04:55', NULL, 0, 'N'),
	(388, 1, 1, '제목386', '내용386', '2022-10-18 18:04:55', NULL, 0, 'N'),
	(389, 1, 1, '제목387', '내용387', '2022-10-18 18:04:55', NULL, 0, 'N'),
	(390, 1, 1, '제목388', '내용388', '2022-10-18 18:04:55', NULL, 0, 'N'),
	(391, 1, 1, '제목389', '내용389', '2022-10-18 18:04:55', NULL, 0, 'N'),
	(392, 1, 1, '제목390', '내용390', '2022-10-18 18:04:55', NULL, 0, 'N'),
	(393, 1, 1, '제목391', '내용391', '2022-10-18 18:04:55', NULL, 0, 'N'),
	(394, 1, 1, '제목392', '내용392', '2022-10-18 18:04:55', NULL, 0, 'N'),
	(395, 1, 1, '제목393', '내용393', '2022-10-18 18:04:55', NULL, 0, 'N'),
	(396, 1, 1, '제목394', '내용394', '2022-10-18 18:04:55', NULL, 0, 'N'),
	(397, 1, 1, '제목395', '내용395', '2022-10-18 18:04:55', NULL, 0, 'N'),
	(398, 1, 1, '제목396', '내용396', '2022-10-18 18:04:55', NULL, 0, 'N'),
	(399, 1, 1, '제목397', '내용397', '2022-10-18 18:04:55', NULL, 0, 'N'),
	(400, 1, 1, '제목398', '내용398', '2022-10-18 18:04:55', NULL, 0, 'N'),
	(401, 1, 1, '제목399', '내용399', '2022-10-18 18:04:55', NULL, 0, 'N'),
	(402, 1, 1, '제목400', '내용400', '2022-10-18 18:04:55', NULL, 0, 'N'),
	(403, 1, 1, '제목401', '내용401', '2022-10-18 18:04:55', NULL, 0, 'N'),
	(404, 1, 1, '제목402', '내용402', '2022-10-18 18:04:55', NULL, 0, 'N'),
	(405, 1, 1, '제목403', '내용403', '2022-10-18 18:04:55', NULL, 0, 'N'),
	(406, 1, 1, '제목404', '내용404', '2022-10-18 18:04:55', NULL, 0, 'N'),
	(407, 1, 1, '제목405', '내용405', '2022-10-18 18:04:55', NULL, 0, 'N'),
	(408, 1, 1, '제목406', '내용406', '2022-10-18 18:04:55', NULL, 0, 'N'),
	(409, 1, 1, '제목407', '내용407', '2022-10-18 18:04:55', NULL, 0, 'N'),
	(410, 1, 1, '제목408', '내용408', '2022-10-18 18:04:55', NULL, 0, 'N'),
	(411, 1, 1, '제목409', '내용409', '2022-10-18 18:04:55', NULL, 0, 'N'),
	(412, 1, 1, '제목410', '내용410', '2022-10-18 18:04:55', NULL, 0, 'N'),
	(413, 1, 1, '제목411', '내용411', '2022-10-18 18:04:55', NULL, 0, 'N'),
	(414, 1, 1, '제목412', '내용412', '2022-10-18 18:04:55', NULL, 0, 'N'),
	(415, 1, 1, '제목413', '내용413', '2022-10-18 18:04:55', NULL, 0, 'N'),
	(416, 1, 1, '제목414', '내용414', '2022-10-18 18:04:55', NULL, 0, 'N'),
	(417, 1, 1, '제목415', '내용415', '2022-10-18 18:04:55', NULL, 0, 'N'),
	(418, 1, 1, '제목416', '내용416', '2022-10-18 18:04:55', NULL, 0, 'N'),
	(419, 1, 1, '제목417', '내용417', '2022-10-18 18:04:55', NULL, 0, 'N'),
	(420, 1, 1, '제목418', '내용418', '2022-10-18 18:04:55', NULL, 0, 'N'),
	(421, 1, 1, '제목419', '내용419', '2022-10-18 18:04:55', NULL, 0, 'N'),
	(422, 1, 1, '제목420', '내용420', '2022-10-18 18:04:55', NULL, 0, 'N'),
	(423, 1, 1, '제목421', '내용421', '2022-10-18 18:04:55', NULL, 0, 'N'),
	(424, 1, 1, '제목422', '내용422', '2022-10-18 18:04:55', NULL, 0, 'N'),
	(425, 1, 1, '제목423', '내용423', '2022-10-18 18:04:55', NULL, 0, 'N'),
	(426, 1, 1, '제목424', '내용424', '2022-10-18 18:04:55', NULL, 0, 'N'),
	(427, 1, 1, '제목425', '내용425', '2022-10-18 18:04:55', NULL, 0, 'N'),
	(428, 1, 1, '제목426', '내용426', '2022-10-18 18:04:55', NULL, 0, 'N'),
	(429, 1, 1, '제목427', '내용427', '2022-10-18 18:04:55', NULL, 0, 'N'),
	(430, 1, 1, '제목428', '내용428', '2022-10-18 18:04:55', NULL, 0, 'N'),
	(431, 1, 1, '제목429', '내용429', '2022-10-18 18:04:55', NULL, 0, 'N'),
	(432, 1, 1, '제목430', '내용430', '2022-10-18 18:04:55', NULL, 1, 'N'),
	(433, 1, 1, '제목431', '내용431', '2022-10-18 18:04:55', NULL, 0, 'N'),
	(434, 1, 1, '제목432', '내용432', '2022-10-18 18:04:55', NULL, 0, 'N'),
	(435, 1, 1, '제목433', '내용433', '2022-10-18 18:04:55', NULL, 0, 'N'),
	(436, 1, 1, '제목434', '내용434', '2022-10-18 18:04:55', NULL, 0, 'N'),
	(437, 1, 1, '제목435', '내용435', '2022-10-18 18:04:55', NULL, 0, 'N'),
	(438, 1, 1, '제목436', '내용436', '2022-10-18 18:04:55', NULL, 0, 'N'),
	(439, 1, 1, '제목437', '내용437', '2022-10-18 18:04:55', NULL, 0, 'N'),
	(440, 1, 1, '제목438', '내용438', '2022-10-18 18:04:55', NULL, 0, 'N'),
	(441, 1, 1, '제목439', '내용439', '2022-10-18 18:04:55', NULL, 0, 'N'),
	(442, 1, 1, '제목440', '내용440', '2022-10-18 18:04:55', NULL, 0, 'N'),
	(443, 1, 1, '제목441', '내용441', '2022-10-18 18:04:55', NULL, 0, 'N'),
	(444, 1, 1, '제목442', '내용442', '2022-10-18 18:04:55', NULL, 0, 'N'),
	(445, 1, 1, '제목443', '내용443', '2022-10-18 18:04:55', NULL, 0, 'N'),
	(446, 1, 1, '제목444', '내용444', '2022-10-18 18:04:55', NULL, 0, 'N'),
	(447, 1, 1, '제목445', '내용445', '2022-10-18 18:04:55', NULL, 0, 'N'),
	(448, 1, 1, '제목446', '내용446', '2022-10-18 18:04:55', NULL, 0, 'N'),
	(449, 1, 1, '제목447', '내용447', '2022-10-18 18:04:55', NULL, 0, 'N'),
	(450, 1, 1, '제목448', '내용448', '2022-10-18 18:04:55', NULL, 0, 'N'),
	(451, 1, 1, '제목449', '내용449', '2022-10-18 18:04:55', NULL, 0, 'N'),
	(452, 1, 1, '제목450', '내용450', '2022-10-18 18:04:55', NULL, 0, 'N'),
	(453, 1, 1, '제목451', '내용451', '2022-10-18 18:04:55', NULL, 0, 'N'),
	(454, 1, 1, '제목452', '내용452', '2022-10-18 18:04:55', NULL, 0, 'N'),
	(455, 1, 1, '제목453', '내용453', '2022-10-18 18:04:55', NULL, 0, 'N'),
	(456, 1, 1, '제목454', '내용454', '2022-10-18 18:04:55', NULL, 0, 'N'),
	(457, 1, 1, '제목455', '내용455', '2022-10-18 18:04:55', NULL, 0, 'N'),
	(458, 1, 1, '제목456', '내용456', '2022-10-18 18:04:55', NULL, 0, 'N'),
	(459, 1, 1, '제목457', '내용457', '2022-10-18 18:04:55', NULL, 0, 'N'),
	(460, 1, 1, '제목458', '내용458', '2022-10-18 18:04:55', NULL, 0, 'N'),
	(461, 1, 1, '제목459', '내용459', '2022-10-18 18:04:55', NULL, 0, 'N'),
	(462, 1, 1, '제목460', '내용460', '2022-10-18 18:04:55', NULL, 0, 'N'),
	(463, 1, 1, '제목461', '내용461', '2022-10-18 18:04:55', NULL, 0, 'N'),
	(464, 1, 1, '제목462', '내용462', '2022-10-18 18:04:55', NULL, 0, 'N'),
	(465, 1, 1, '제목463', '내용463', '2022-10-18 18:04:55', NULL, 0, 'N'),
	(466, 1, 1, '제목464', '내용464', '2022-10-18 18:04:55', NULL, 0, 'N'),
	(467, 1, 1, '제목465', '내용465', '2022-10-18 18:04:55', NULL, 0, 'N'),
	(468, 1, 1, '제목466', '내용466', '2022-10-18 18:04:55', NULL, 0, 'N'),
	(469, 1, 1, '제목467', '내용467', '2022-10-18 18:04:55', NULL, 0, 'N'),
	(470, 1, 1, '제목468', '내용468', '2022-10-18 18:04:55', NULL, 0, 'N'),
	(471, 1, 1, '제목469', '내용469', '2022-10-18 18:04:55', NULL, 0, 'N'),
	(472, 1, 1, '제목470', '내용470', '2022-10-18 18:04:55', NULL, 0, 'N'),
	(473, 1, 1, '제목471', '내용471', '2022-10-18 18:04:55', NULL, 0, 'N'),
	(474, 1, 1, '제목472', '내용472', '2022-10-18 18:04:55', NULL, 0, 'N'),
	(475, 1, 1, '제목473', '내용473', '2022-10-18 18:04:55', NULL, 0, 'N'),
	(476, 1, 1, '제목474', '내용474', '2022-10-18 18:04:55', NULL, 0, 'N'),
	(477, 1, 1, '제목475', '내용475', '2022-10-18 18:04:55', NULL, 0, 'N'),
	(478, 1, 1, '제목476', '내용476', '2022-10-18 18:04:55', NULL, 0, 'N'),
	(479, 1, 1, '제목477', '내용477', '2022-10-18 18:04:55', NULL, 0, 'N'),
	(480, 1, 1, '제목478', '내용478', '2022-10-18 18:04:55', NULL, 0, 'N'),
	(481, 1, 1, '제목479', '내용479', '2022-10-18 18:04:55', NULL, 0, 'N'),
	(482, 1, 1, '제목480', '내용480', '2022-10-18 18:04:55', NULL, 0, 'N'),
	(483, 1, 1, '제목481', '내용481', '2022-10-18 18:04:55', NULL, 0, 'N'),
	(484, 1, 1, '제목482', '내용482', '2022-10-18 18:04:55', NULL, 0, 'N'),
	(485, 1, 1, '제목483', '내용483', '2022-10-18 18:04:55', NULL, 0, 'N'),
	(486, 1, 1, '제목484', '내용484', '2022-10-18 18:04:55', NULL, 0, 'N'),
	(487, 1, 1, '제목485', '내용485', '2022-10-18 18:04:55', NULL, 0, 'N'),
	(488, 1, 1, '제목486', '내용486', '2022-10-18 18:04:55', NULL, 0, 'N'),
	(489, 1, 1, '제목487', '내용487', '2022-10-18 18:04:55', NULL, 0, 'N'),
	(490, 1, 1, '제목488', '내용488', '2022-10-18 18:04:55', NULL, 0, 'N'),
	(491, 1, 1, '제목489', '내용489', '2022-10-18 18:04:55', NULL, 0, 'N'),
	(492, 1, 1, '제목490', '내용490', '2022-10-18 18:04:55', NULL, 0, 'N'),
	(493, 1, 1, '제목491', '내용491', '2022-10-18 18:04:55', NULL, 0, 'N'),
	(494, 1, 1, '제목492', '내용492', '2022-10-18 18:04:55', NULL, 0, 'N'),
	(495, 1, 1, '제목493', '내용493', '2022-10-18 18:04:55', NULL, 0, 'N'),
	(496, 1, 1, '제목494', '내용494', '2022-10-18 18:04:55', NULL, 0, 'N'),
	(497, 1, 1, '제목495', '내용495', '2022-10-18 18:04:55', NULL, 0, 'N'),
	(498, 1, 1, '제목496', '내용496', '2022-10-18 18:04:55', NULL, 0, 'N'),
	(499, 1, 1, '제목497', '내용497', '2022-10-18 18:04:55', NULL, 0, 'N'),
	(500, 1, 1, '제목498', '내용498', '2022-10-18 18:04:55', NULL, 0, 'N'),
	(501, 1, 1, '제목499', '내용499', '2022-10-18 18:04:55', NULL, 0, 'N'),
	(502, 1, 1, '제목500', '내용500', '2022-10-18 18:04:55', NULL, 0, 'N'),
	(503, 1, 1, '제목1', '내용1', '2022-10-18 18:05:24', NULL, 0, 'N'),
	(504, 1, 1, '제목2', '내용2', '2022-10-18 18:05:24', NULL, 0, 'N'),
	(505, 1, 1, '제목3', '내용3', '2022-10-18 18:05:24', NULL, 0, 'N'),
	(506, 1, 1, '제목4', '내용4', '2022-10-18 18:05:24', NULL, 0, 'N'),
	(507, 1, 1, '제목5', '내용5', '2022-10-18 18:05:24', NULL, 0, 'N'),
	(508, 1, 1, '제목6', '내용6', '2022-10-18 18:05:24', NULL, 0, 'N'),
	(509, 1, 1, '제목7', '내용7', '2022-10-18 18:05:24', NULL, 0, 'N'),
	(510, 1, 1, '제목8', '내용8', '2022-10-18 18:05:24', NULL, 0, 'N'),
	(511, 1, 1, '제목9', '내용9', '2022-10-18 18:05:24', NULL, 0, 'N'),
	(512, 1, 1, '제목10', '내용10', '2022-10-18 18:05:24', NULL, 0, 'N'),
	(513, 1, 1, '제목11', '내용11', '2022-10-18 18:05:24', NULL, 0, 'N'),
	(514, 1, 1, '제목12', '내용12', '2022-10-18 18:05:24', NULL, 0, 'N'),
	(515, 1, 1, '제목13', '내용13', '2022-10-18 18:05:24', NULL, 0, 'N'),
	(516, 1, 1, '제목14', '내용14', '2022-10-18 18:05:24', NULL, 0, 'N'),
	(517, 1, 1, '제목15', '내용15', '2022-10-18 18:05:24', NULL, 0, 'N'),
	(518, 1, 1, '제목16', '내용16', '2022-10-18 18:05:24', NULL, 0, 'N'),
	(519, 1, 1, '제목17', '내용17', '2022-10-18 18:05:24', NULL, 0, 'N'),
	(520, 1, 1, '제목18', '내용18', '2022-10-18 18:05:24', NULL, 0, 'N'),
	(521, 1, 1, '제목19', '내용19', '2022-10-18 18:05:24', NULL, 0, 'N'),
	(522, 1, 1, '제목20', '내용20', '2022-10-18 18:05:24', NULL, 0, 'N'),
	(523, 1, 1, '제목21', '내용21', '2022-10-18 18:05:24', NULL, 0, 'N'),
	(524, 1, 1, '제목22', '내용22', '2022-10-18 18:05:24', NULL, 0, 'N'),
	(525, 1, 1, '제목23', '내용23', '2022-10-18 18:05:24', NULL, 0, 'N'),
	(526, 1, 1, '제목24', '내용24', '2022-10-18 18:05:24', NULL, 0, 'N'),
	(527, 1, 1, '제목25', '내용25', '2022-10-18 18:05:24', NULL, 0, 'N'),
	(528, 1, 1, '제목26', '내용26', '2022-10-18 18:05:24', NULL, 0, 'N'),
	(529, 1, 1, '제목27', '내용27', '2022-10-18 18:05:24', NULL, 0, 'N'),
	(530, 1, 1, '제목28', '내용28', '2022-10-18 18:05:24', NULL, 0, 'N'),
	(531, 1, 1, '제목29', '내용29', '2022-10-18 18:05:24', NULL, 0, 'N'),
	(532, 1, 1, '제목30', '내용30', '2022-10-18 18:05:24', NULL, 0, 'N'),
	(533, 1, 1, '제목31', '내용31', '2022-10-18 18:05:24', NULL, 0, 'N'),
	(534, 1, 1, '제목32', '내용32', '2022-10-18 18:05:24', NULL, 0, 'N'),
	(535, 1, 1, '제목33', '내용33', '2022-10-18 18:05:24', NULL, 0, 'N'),
	(536, 1, 1, '제목34', '내용34', '2022-10-18 18:05:24', NULL, 0, 'N'),
	(537, 1, 1, '제목35', '내용35', '2022-10-18 18:05:24', NULL, 0, 'N'),
	(538, 1, 1, '제목36', '내용36', '2022-10-18 18:05:24', NULL, 0, 'N'),
	(539, 1, 1, '제목37', '내용37', '2022-10-18 18:05:24', NULL, 0, 'N'),
	(540, 1, 1, '제목38', '내용38', '2022-10-18 18:05:24', NULL, 0, 'N'),
	(541, 1, 1, '제목39', '내용39', '2022-10-18 18:05:24', NULL, 0, 'N'),
	(542, 1, 1, '제목40', '내용40', '2022-10-18 18:05:24', NULL, 0, 'N'),
	(543, 1, 1, '제목41', '내용41', '2022-10-18 18:05:24', NULL, 0, 'N'),
	(544, 1, 1, '제목42', '내용42', '2022-10-18 18:05:24', NULL, 0, 'N'),
	(545, 1, 1, '제목43', '내용43', '2022-10-18 18:05:24', NULL, 0, 'N'),
	(546, 1, 1, '제목44', '내용44', '2022-10-18 18:05:24', NULL, 0, 'N'),
	(547, 1, 1, '제목45', '내용45', '2022-10-18 18:05:24', NULL, 0, 'N'),
	(548, 1, 1, '제목46', '내용46', '2022-10-18 18:05:24', NULL, 0, 'N'),
	(549, 1, 1, '제목47', '내용47', '2022-10-18 18:05:24', NULL, 0, 'N'),
	(550, 1, 1, '제목48', '내용48', '2022-10-18 18:05:24', NULL, 0, 'N'),
	(551, 1, 1, '제목49', '내용49', '2022-10-18 18:05:24', NULL, 0, 'N'),
	(552, 1, 1, '제목50', '내용50', '2022-10-18 18:05:24', NULL, 0, 'N'),
	(553, 1, 1, '제목51', '내용51', '2022-10-18 18:05:24', NULL, 0, 'N'),
	(554, 1, 1, '제목52', '내용52', '2022-10-18 18:05:24', NULL, 0, 'N'),
	(555, 1, 1, '제목53', '내용53', '2022-10-18 18:05:24', NULL, 0, 'N'),
	(556, 1, 1, '제목54', '내용54', '2022-10-18 18:05:24', NULL, 0, 'N'),
	(557, 1, 1, '제목55', '내용55', '2022-10-18 18:05:24', NULL, 0, 'N'),
	(558, 1, 1, '제목56', '내용56', '2022-10-18 18:05:24', NULL, 0, 'N'),
	(559, 1, 1, '제목57', '내용57', '2022-10-18 18:05:24', NULL, 0, 'N'),
	(560, 1, 1, '제목58', '내용58', '2022-10-18 18:05:24', NULL, 0, 'N'),
	(561, 1, 1, '제목59', '내용59', '2022-10-18 18:05:24', NULL, 0, 'N'),
	(562, 1, 1, '제목60', '내용60', '2022-10-18 18:05:24', NULL, 0, 'N'),
	(563, 1, 1, '제목61', '내용61', '2022-10-18 18:05:24', NULL, 0, 'N'),
	(564, 1, 1, '제목62', '내용62', '2022-10-18 18:05:24', NULL, 0, 'N'),
	(565, 1, 1, '제목63', '내용63', '2022-10-18 18:05:24', NULL, 0, 'N'),
	(566, 1, 1, '제목64', '내용64', '2022-10-18 18:05:24', NULL, 0, 'N'),
	(567, 1, 1, '제목65', '내용65', '2022-10-18 18:05:24', NULL, 0, 'N'),
	(568, 1, 1, '제목66', '내용66', '2022-10-18 18:05:24', NULL, 0, 'N'),
	(569, 1, 1, '제목67', '내용67', '2022-10-18 18:05:24', NULL, 0, 'N'),
	(570, 1, 1, '제목68', '내용68', '2022-10-18 18:05:24', NULL, 0, 'N'),
	(571, 1, 1, '제목69', '내용69', '2022-10-18 18:05:24', NULL, 0, 'N'),
	(572, 1, 1, '제목70', '내용70', '2022-10-18 18:05:24', NULL, 0, 'N'),
	(573, 1, 1, '제목71', '내용71', '2022-10-18 18:05:24', NULL, 0, 'N'),
	(574, 1, 1, '제목72', '내용72', '2022-10-18 18:05:24', NULL, 0, 'N'),
	(575, 1, 1, '제목73', '내용73', '2022-10-18 18:05:24', NULL, 0, 'N'),
	(576, 1, 1, '제목74', '내용74', '2022-10-18 18:05:24', NULL, 0, 'N'),
	(577, 1, 1, '제목75', '내용75', '2022-10-18 18:05:24', NULL, 0, 'N'),
	(578, 1, 1, '제목76', '내용76', '2022-10-18 18:05:24', NULL, 0, 'N'),
	(579, 1, 1, '제목77', '내용77', '2022-10-18 18:05:24', NULL, 0, 'N'),
	(580, 1, 1, '제목78', '내용78', '2022-10-18 18:05:24', NULL, 0, 'N'),
	(581, 1, 1, '제목79', '내용79', '2022-10-18 18:05:24', NULL, 0, 'N'),
	(582, 1, 1, '제목80', '내용80', '2022-10-18 18:05:24', NULL, 0, 'N'),
	(583, 1, 1, '제목81', '내용81', '2022-10-18 18:05:24', NULL, 0, 'N'),
	(584, 1, 1, '제목82', '내용82', '2022-10-18 18:05:24', NULL, 0, 'N'),
	(585, 1, 1, '제목83', '내용83', '2022-10-18 18:05:24', NULL, 0, 'N'),
	(586, 1, 1, '제목84', '내용84', '2022-10-18 18:05:24', NULL, 0, 'N'),
	(587, 1, 1, '제목85', '내용85', '2022-10-18 18:05:24', NULL, 0, 'N'),
	(588, 1, 1, '제목86', '내용86', '2022-10-18 18:05:24', NULL, 0, 'N'),
	(589, 1, 1, '제목87', '내용87', '2022-10-18 18:05:24', NULL, 0, 'N'),
	(590, 1, 1, '제목88', '내용88', '2022-10-18 18:05:24', NULL, 0, 'N'),
	(591, 1, 1, '제목89', '내용89', '2022-10-18 18:05:24', NULL, 0, 'N'),
	(592, 1, 1, '제목90', '내용90', '2022-10-18 18:05:24', NULL, 0, 'N'),
	(593, 1, 1, '제목91', '내용91', '2022-10-18 18:05:24', NULL, 0, 'N'),
	(594, 1, 1, '제목92', '내용92', '2022-10-18 18:05:24', NULL, 0, 'N'),
	(595, 1, 1, '제목93', '내용93', '2022-10-18 18:05:24', NULL, 0, 'N'),
	(596, 1, 1, '제목94', '내용94', '2022-10-18 18:05:24', NULL, 0, 'N'),
	(597, 1, 1, '제목95', '내용95', '2022-10-18 18:05:24', NULL, 0, 'N'),
	(598, 1, 1, '제목96', '내용96', '2022-10-18 18:05:24', NULL, 0, 'N'),
	(599, 1, 1, '제목97', '내용97', '2022-10-18 18:05:24', NULL, 0, 'N'),
	(600, 1, 1, '제목98', '내용98', '2022-10-18 18:05:24', NULL, 0, 'N'),
	(601, 1, 1, '제목99', '내용99', '2022-10-18 18:05:24', NULL, 0, 'N'),
	(602, 1, 1, '제목100', '내용100', '2022-10-18 18:05:24', NULL, 0, 'N'),
	(603, 1, 1, '제목101', '내용101', '2022-10-18 18:05:24', NULL, 0, 'N'),
	(604, 1, 1, '제목102', '내용102', '2022-10-18 18:05:24', NULL, 0, 'N'),
	(605, 1, 1, '제목103', '내용103', '2022-10-18 18:05:24', NULL, 0, 'N'),
	(606, 1, 1, '제목104', '내용104', '2022-10-18 18:05:24', NULL, 0, 'N'),
	(607, 1, 1, '제목105', '내용105', '2022-10-18 18:05:24', NULL, 0, 'N'),
	(608, 1, 1, '제목106', '내용106', '2022-10-18 18:05:24', NULL, 0, 'N'),
	(609, 1, 1, '제목107', '내용107', '2022-10-18 18:05:24', NULL, 0, 'N'),
	(610, 1, 1, '제목108', '내용108', '2022-10-18 18:05:24', NULL, 0, 'N'),
	(611, 1, 1, '제목109', '내용109', '2022-10-18 18:05:24', NULL, 0, 'N'),
	(612, 1, 1, '제목110', '내용110', '2022-10-18 18:05:24', NULL, 0, 'N'),
	(613, 1, 1, '제목111', '내용111', '2022-10-18 18:05:24', NULL, 0, 'N'),
	(614, 1, 1, '제목112', '내용112', '2022-10-18 18:05:24', NULL, 0, 'N'),
	(615, 1, 1, '제목113', '내용113', '2022-10-18 18:05:24', NULL, 0, 'N'),
	(616, 1, 1, '제목114', '내용114', '2022-10-18 18:05:24', NULL, 0, 'N'),
	(617, 1, 1, '제목115', '내용115', '2022-10-18 18:05:24', NULL, 0, 'N'),
	(618, 1, 1, '제목116', '내용116', '2022-10-18 18:05:24', NULL, 0, 'N'),
	(619, 1, 1, '제목117', '내용117', '2022-10-18 18:05:24', NULL, 0, 'N'),
	(620, 1, 1, '제목118', '내용118', '2022-10-18 18:05:24', NULL, 0, 'N'),
	(621, 1, 1, '제목119', '내용119', '2022-10-18 18:05:24', NULL, 0, 'N'),
	(622, 1, 1, '제목120', '내용120', '2022-10-18 18:05:24', NULL, 0, 'N'),
	(623, 1, 1, '제목121', '내용121', '2022-10-18 18:05:24', NULL, 0, 'N'),
	(624, 1, 1, '제목122', '내용122', '2022-10-18 18:05:24', NULL, 0, 'N'),
	(625, 1, 1, '제목123', '내용123', '2022-10-18 18:05:24', NULL, 0, 'N'),
	(626, 1, 1, '제목124', '내용124', '2022-10-18 18:05:24', NULL, 0, 'N'),
	(627, 1, 1, '제목125', '내용125', '2022-10-18 18:05:24', NULL, 0, 'N'),
	(628, 1, 1, '제목126', '내용126', '2022-10-18 18:05:24', NULL, 0, 'N'),
	(629, 1, 1, '제목127', '내용127', '2022-10-18 18:05:24', NULL, 0, 'N'),
	(630, 1, 1, '제목128', '내용128', '2022-10-18 18:05:24', NULL, 0, 'N'),
	(631, 1, 1, '제목129', '내용129', '2022-10-18 18:05:24', NULL, 0, 'N'),
	(632, 1, 1, '제목130', '내용130', '2022-10-18 18:05:24', NULL, 0, 'N'),
	(633, 1, 1, '제목131', '내용131', '2022-10-18 18:05:24', NULL, 0, 'N'),
	(634, 1, 1, '제목132', '내용132', '2022-10-18 18:05:24', NULL, 0, 'N'),
	(635, 1, 1, '제목133', '내용133', '2022-10-18 18:05:24', NULL, 0, 'N'),
	(636, 1, 1, '제목134', '내용134', '2022-10-18 18:05:24', NULL, 0, 'N'),
	(637, 1, 1, '제목135', '내용135', '2022-10-18 18:05:24', NULL, 0, 'N'),
	(638, 1, 1, '제목136', '내용136', '2022-10-18 18:05:24', NULL, 0, 'N'),
	(639, 1, 1, '제목137', '내용137', '2022-10-18 18:05:24', NULL, 0, 'N'),
	(640, 1, 1, '제목138', '내용138', '2022-10-18 18:05:24', NULL, 0, 'N'),
	(641, 1, 1, '제목139', '내용139', '2022-10-18 18:05:24', NULL, 0, 'N'),
	(642, 1, 1, '제목140', '내용140', '2022-10-18 18:05:24', NULL, 0, 'N'),
	(643, 1, 1, '제목141', '내용141', '2022-10-18 18:05:24', NULL, 0, 'N'),
	(644, 1, 1, '제목142', '내용142', '2022-10-18 18:05:24', NULL, 0, 'N'),
	(645, 1, 1, '제목143', '내용143', '2022-10-18 18:05:24', NULL, 0, 'N'),
	(646, 1, 1, '제목144', '내용144', '2022-10-18 18:05:24', NULL, 0, 'N'),
	(647, 1, 1, '제목145', '내용145', '2022-10-18 18:05:24', NULL, 0, 'N'),
	(648, 1, 1, '제목146', '내용146', '2022-10-18 18:05:24', NULL, 0, 'N'),
	(649, 1, 1, '제목147', '내용147', '2022-10-18 18:05:24', NULL, 0, 'N'),
	(650, 1, 1, '제목148', '내용148', '2022-10-18 18:05:24', NULL, 0, 'N'),
	(651, 1, 1, '제목149', '내용149', '2022-10-18 18:05:24', NULL, 0, 'N'),
	(652, 1, 1, '제목150', '내용150', '2022-10-18 18:05:24', NULL, 0, 'N'),
	(653, 1, 1, '제목151', '내용151', '2022-10-18 18:05:24', NULL, 0, 'N'),
	(654, 1, 1, '제목152', '내용152', '2022-10-18 18:05:24', NULL, 0, 'N'),
	(655, 1, 1, '제목153', '내용153', '2022-10-18 18:05:24', NULL, 0, 'N'),
	(656, 1, 1, '제목154', '내용154', '2022-10-18 18:05:24', NULL, 0, 'N'),
	(657, 1, 1, '제목155', '내용155', '2022-10-18 18:05:24', NULL, 0, 'N'),
	(658, 1, 1, '제목156', '내용156', '2022-10-18 18:05:24', NULL, 0, 'N'),
	(659, 1, 1, '제목157', '내용157', '2022-10-18 18:05:24', NULL, 0, 'N'),
	(660, 1, 1, '제목158', '내용158', '2022-10-18 18:05:24', NULL, 0, 'N'),
	(661, 1, 1, '제목159', '내용159', '2022-10-18 18:05:24', NULL, 0, 'N'),
	(662, 1, 1, '제목160', '내용160', '2022-10-18 18:05:24', NULL, 0, 'N'),
	(663, 1, 1, '제목161', '내용161', '2022-10-18 18:05:24', NULL, 0, 'N'),
	(664, 1, 1, '제목162', '내용162', '2022-10-18 18:05:24', NULL, 0, 'N'),
	(665, 1, 1, '제목163', '내용163', '2022-10-18 18:05:24', NULL, 0, 'N'),
	(666, 1, 1, '제목164', '내용164', '2022-10-18 18:05:24', NULL, 0, 'N'),
	(667, 1, 1, '제목165', '내용165', '2022-10-18 18:05:24', NULL, 0, 'N'),
	(668, 1, 1, '제목166', '내용166', '2022-10-18 18:05:24', NULL, 0, 'N'),
	(669, 1, 1, '제목167', '내용167', '2022-10-18 18:05:24', NULL, 0, 'N'),
	(670, 1, 1, '제목168', '내용168', '2022-10-18 18:05:24', NULL, 0, 'N'),
	(671, 1, 1, '제목169', '내용169', '2022-10-18 18:05:24', NULL, 0, 'N'),
	(672, 1, 1, '제목170', '내용170', '2022-10-18 18:05:24', NULL, 0, 'N'),
	(673, 1, 1, '제목171', '내용171', '2022-10-18 18:05:24', NULL, 0, 'N'),
	(674, 1, 1, '제목172', '내용172', '2022-10-18 18:05:24', NULL, 0, 'N'),
	(675, 1, 1, '제목173', '내용173', '2022-10-18 18:05:24', NULL, 0, 'N'),
	(676, 1, 1, '제목174', '내용174', '2022-10-18 18:05:24', NULL, 0, 'N'),
	(677, 1, 1, '제목175', '내용175', '2022-10-18 18:05:24', NULL, 0, 'N'),
	(678, 1, 1, '제목176', '내용176', '2022-10-18 18:05:24', NULL, 0, 'N'),
	(679, 1, 1, '제목177', '내용177', '2022-10-18 18:05:24', NULL, 0, 'N'),
	(680, 1, 1, '제목178', '내용178', '2022-10-18 18:05:24', NULL, 0, 'N'),
	(681, 1, 1, '제목179', '내용179', '2022-10-18 18:05:24', NULL, 0, 'N'),
	(682, 1, 1, '제목180', '내용180', '2022-10-18 18:05:24', NULL, 0, 'N'),
	(683, 1, 1, '제목181', '내용181', '2022-10-18 18:05:24', NULL, 0, 'N'),
	(684, 1, 1, '제목182', '내용182', '2022-10-18 18:05:24', NULL, 0, 'N'),
	(685, 1, 1, '제목183', '내용183', '2022-10-18 18:05:24', NULL, 0, 'N'),
	(686, 1, 1, '제목184', '내용184', '2022-10-18 18:05:24', NULL, 0, 'N'),
	(687, 1, 1, '제목185', '내용185', '2022-10-18 18:05:24', NULL, 0, 'N'),
	(688, 1, 1, '제목186', '내용186', '2022-10-18 18:05:24', NULL, 0, 'N'),
	(689, 1, 1, '제목187', '내용187', '2022-10-18 18:05:24', NULL, 0, 'N'),
	(690, 1, 1, '제목188', '내용188', '2022-10-18 18:05:24', NULL, 0, 'N'),
	(691, 1, 1, '제목189', '내용189', '2022-10-18 18:05:24', NULL, 0, 'N'),
	(692, 1, 1, '제목190', '내용190', '2022-10-18 18:05:24', NULL, 0, 'N'),
	(693, 1, 1, '제목191', '내용191', '2022-10-18 18:05:24', NULL, 0, 'N'),
	(694, 1, 1, '제목192', '내용192', '2022-10-18 18:05:24', NULL, 0, 'N'),
	(695, 1, 1, '제목193', '내용193', '2022-10-18 18:05:24', NULL, 0, 'N'),
	(696, 1, 1, '제목194', '내용194', '2022-10-18 18:05:24', NULL, 0, 'N'),
	(697, 1, 1, '제목195', '내용195', '2022-10-18 18:05:24', NULL, 0, 'N'),
	(698, 1, 1, '제목196', '내용196', '2022-10-18 18:05:24', NULL, 0, 'N'),
	(699, 1, 1, '제목197', '내용197', '2022-10-18 18:05:24', NULL, 0, 'N'),
	(700, 1, 1, '제목198', '내용198', '2022-10-18 18:05:24', NULL, 0, 'N'),
	(701, 1, 1, '제목199', '내용199', '2022-10-18 18:05:24', NULL, 0, 'N'),
	(702, 1, 1, '제목200', '내용200', '2022-10-18 18:05:24', NULL, 0, 'N'),
	(703, 1, 1, '제목201', '내용201', '2022-10-18 18:05:24', NULL, 0, 'N'),
	(704, 1, 1, '제목202', '내용202', '2022-10-18 18:05:24', NULL, 0, 'N'),
	(705, 1, 1, '제목203', '내용203', '2022-10-18 18:05:24', NULL, 0, 'N'),
	(706, 1, 1, '제목204', '내용204', '2022-10-18 18:05:24', NULL, 0, 'N'),
	(707, 1, 1, '제목205', '내용205', '2022-10-18 18:05:24', NULL, 0, 'N'),
	(708, 1, 1, '제목206', '내용206', '2022-10-18 18:05:24', NULL, 0, 'N'),
	(709, 1, 1, '제목207', '내용207', '2022-10-18 18:05:24', NULL, 0, 'N'),
	(710, 1, 1, '제목208', '내용208', '2022-10-18 18:05:24', NULL, 0, 'N'),
	(711, 1, 1, '제목209', '내용209', '2022-10-18 18:05:24', NULL, 0, 'N'),
	(712, 1, 1, '제목210', '내용210', '2022-10-18 18:05:24', NULL, 0, 'N'),
	(713, 1, 1, '제목211', '내용211', '2022-10-18 18:05:24', NULL, 0, 'N'),
	(714, 1, 1, '제목212', '내용212', '2022-10-18 18:05:24', NULL, 0, 'N'),
	(715, 1, 1, '제목213', '내용213', '2022-10-18 18:05:24', NULL, 0, 'N'),
	(716, 1, 1, '제목214', '내용214', '2022-10-18 18:05:24', NULL, 0, 'N'),
	(717, 1, 1, '제목215', '내용215', '2022-10-18 18:05:24', NULL, 0, 'N'),
	(718, 1, 1, '제목216', '내용216', '2022-10-18 18:05:24', NULL, 0, 'N'),
	(719, 1, 1, '제목217', '내용217', '2022-10-18 18:05:24', NULL, 0, 'N'),
	(720, 1, 1, '제목218', '내용218', '2022-10-18 18:05:24', NULL, 0, 'N'),
	(721, 1, 1, '제목219', '내용219', '2022-10-18 18:05:24', NULL, 0, 'N'),
	(722, 1, 1, '제목220', '내용220', '2022-10-18 18:05:24', NULL, 0, 'N'),
	(723, 1, 1, '제목221', '내용221', '2022-10-18 18:05:24', NULL, 0, 'N'),
	(724, 1, 1, '제목222', '내용222', '2022-10-18 18:05:24', NULL, 0, 'N'),
	(725, 1, 1, '제목223', '내용223', '2022-10-18 18:05:24', NULL, 0, 'N'),
	(726, 1, 1, '제목224', '내용224', '2022-10-18 18:05:24', NULL, 0, 'N'),
	(727, 1, 1, '제목225', '내용225', '2022-10-18 18:05:24', NULL, 0, 'N'),
	(728, 1, 1, '제목226', '내용226', '2022-10-18 18:05:24', NULL, 0, 'N'),
	(729, 1, 1, '제목227', '내용227', '2022-10-18 18:05:24', NULL, 0, 'N'),
	(730, 1, 1, '제목228', '내용228', '2022-10-18 18:05:24', NULL, 0, 'N'),
	(731, 1, 1, '제목229', '내용229', '2022-10-18 18:05:24', NULL, 0, 'N'),
	(732, 1, 1, '제목230', '내용230', '2022-10-18 18:05:24', NULL, 0, 'N'),
	(733, 1, 1, '제목231', '내용231', '2022-10-18 18:05:24', NULL, 0, 'N'),
	(734, 1, 1, '제목232', '내용232', '2022-10-18 18:05:24', NULL, 0, 'N'),
	(735, 1, 1, '제목233', '내용233', '2022-10-18 18:05:24', NULL, 0, 'N'),
	(736, 1, 1, '제목234', '내용234', '2022-10-18 18:05:24', NULL, 0, 'N'),
	(737, 1, 1, '제목235', '내용235', '2022-10-18 18:05:24', NULL, 0, 'N'),
	(738, 1, 1, '제목236', '내용236', '2022-10-18 18:05:24', NULL, 0, 'N'),
	(739, 1, 1, '제목237', '내용237', '2022-10-18 18:05:24', NULL, 0, 'N'),
	(740, 1, 1, '제목238', '내용238', '2022-10-18 18:05:24', NULL, 0, 'N'),
	(741, 1, 1, '제목239', '내용239', '2022-10-18 18:05:24', NULL, 0, 'N'),
	(742, 1, 1, '제목240', '내용240', '2022-10-18 18:05:24', NULL, 0, 'N'),
	(743, 1, 1, '제목241', '내용241', '2022-10-18 18:05:24', NULL, 0, 'N'),
	(744, 1, 1, '제목242', '내용242', '2022-10-18 18:05:24', NULL, 0, 'N'),
	(745, 1, 1, '제목243', '내용243', '2022-10-18 18:05:24', NULL, 0, 'N'),
	(746, 1, 1, '제목244', '내용244', '2022-10-18 18:05:24', NULL, 0, 'N'),
	(747, 1, 1, '제목245', '내용245', '2022-10-18 18:05:24', NULL, 0, 'N'),
	(748, 1, 1, '제목246', '내용246', '2022-10-18 18:05:24', NULL, 0, 'N'),
	(749, 1, 1, '제목247', '내용247', '2022-10-18 18:05:24', NULL, 0, 'N'),
	(750, 1, 1, '제목248', '내용248', '2022-10-18 18:05:24', NULL, 0, 'N'),
	(751, 1, 1, '제목249', '내용249', '2022-10-18 18:05:24', NULL, 0, 'N'),
	(752, 1, 1, '제목250', '내용250', '2022-10-18 18:05:24', NULL, 0, 'N'),
	(753, 1, 1, '제목251', '내용251', '2022-10-18 18:05:24', NULL, 0, 'N'),
	(754, 1, 1, '제목252', '내용252', '2022-10-18 18:05:24', NULL, 0, 'N'),
	(755, 1, 1, '제목253', '내용253', '2022-10-18 18:05:24', NULL, 0, 'N'),
	(756, 1, 1, '제목254', '내용254', '2022-10-18 18:05:24', NULL, 0, 'N'),
	(757, 1, 1, '제목255', '내용255', '2022-10-18 18:05:24', NULL, 0, 'N'),
	(758, 1, 1, '제목256', '내용256', '2022-10-18 18:05:24', NULL, 0, 'N'),
	(759, 1, 1, '제목257', '내용257', '2022-10-18 18:05:24', NULL, 0, 'N'),
	(760, 1, 1, '제목258', '내용258', '2022-10-18 18:05:24', NULL, 0, 'N'),
	(761, 1, 1, '제목259', '내용259', '2022-10-18 18:05:24', NULL, 0, 'N'),
	(762, 1, 1, '제목260', '내용260', '2022-10-18 18:05:24', NULL, 0, 'N'),
	(763, 1, 1, '제목261', '내용261', '2022-10-18 18:05:24', NULL, 0, 'N'),
	(764, 1, 1, '제목262', '내용262', '2022-10-18 18:05:24', NULL, 0, 'N'),
	(765, 1, 1, '제목263', '내용263', '2022-10-18 18:05:24', NULL, 0, 'N'),
	(766, 1, 1, '제목264', '내용264', '2022-10-18 18:05:24', NULL, 0, 'N'),
	(767, 1, 1, '제목265', '내용265', '2022-10-18 18:05:24', NULL, 0, 'N'),
	(768, 1, 1, '제목266', '내용266', '2022-10-18 18:05:24', NULL, 0, 'N'),
	(769, 1, 1, '제목267', '내용267', '2022-10-18 18:05:24', NULL, 0, 'N'),
	(770, 1, 1, '제목268', '내용268', '2022-10-18 18:05:24', NULL, 0, 'N'),
	(771, 1, 1, '제목269', '내용269', '2022-10-18 18:05:24', NULL, 0, 'N'),
	(772, 1, 1, '제목270', '내용270', '2022-10-18 18:05:24', NULL, 0, 'N'),
	(773, 1, 1, '제목271', '내용271', '2022-10-18 18:05:24', NULL, 0, 'N'),
	(774, 1, 1, '제목272', '내용272', '2022-10-18 18:05:24', NULL, 0, 'N'),
	(775, 1, 1, '제목273', '내용273', '2022-10-18 18:05:24', NULL, 0, 'N'),
	(776, 1, 1, '제목274', '내용274', '2022-10-18 18:05:24', NULL, 0, 'N'),
	(777, 1, 1, '제목275', '내용275', '2022-10-18 18:05:24', NULL, 0, 'N'),
	(778, 1, 1, '제목276', '내용276', '2022-10-18 18:05:24', NULL, 0, 'N'),
	(779, 1, 1, '제목277', '내용277', '2022-10-18 18:05:24', NULL, 0, 'N'),
	(780, 1, 1, '제목278', '내용278', '2022-10-18 18:05:24', NULL, 0, 'N'),
	(781, 1, 1, '제목279', '내용279', '2022-10-18 18:05:24', NULL, 0, 'N'),
	(782, 1, 1, '제목280', '내용280', '2022-10-18 18:05:24', NULL, 0, 'N'),
	(783, 1, 1, '제목281', '내용281', '2022-10-18 18:05:24', NULL, 0, 'N'),
	(784, 1, 1, '제목282', '내용282', '2022-10-18 18:05:24', NULL, 0, 'N'),
	(785, 1, 1, '제목283', '내용283', '2022-10-18 18:05:24', NULL, 0, 'N'),
	(786, 1, 1, '제목284', '내용284', '2022-10-18 18:05:24', NULL, 0, 'N'),
	(787, 1, 1, '제목285', '내용285', '2022-10-18 18:05:24', NULL, 0, 'N'),
	(788, 1, 1, '제목286', '내용286', '2022-10-18 18:05:24', NULL, 0, 'N'),
	(789, 1, 1, '제목287', '내용287', '2022-10-18 18:05:24', NULL, 0, 'N'),
	(790, 1, 1, '제목288', '내용288', '2022-10-18 18:05:24', NULL, 0, 'N'),
	(791, 1, 1, '제목289', '내용289', '2022-10-18 18:05:24', NULL, 0, 'N'),
	(792, 1, 1, '제목290', '내용290', '2022-10-18 18:05:24', NULL, 0, 'N'),
	(793, 1, 1, '제목291', '내용291', '2022-10-18 18:05:24', NULL, 0, 'N'),
	(794, 1, 1, '제목292', '내용292', '2022-10-18 18:05:24', NULL, 0, 'N'),
	(795, 1, 1, '제목293', '내용293', '2022-10-18 18:05:24', NULL, 0, 'N'),
	(796, 1, 1, '제목294', '내용294', '2022-10-18 18:05:24', NULL, 0, 'N'),
	(797, 1, 1, '제목295', '내용295', '2022-10-18 18:05:24', NULL, 0, 'N'),
	(798, 1, 1, '제목296', '내용296', '2022-10-18 18:05:24', NULL, 0, 'N'),
	(799, 1, 1, '제목297', '내용297', '2022-10-18 18:05:24', NULL, 0, 'N'),
	(800, 1, 1, '제목298', '내용298', '2022-10-18 18:05:24', NULL, 0, 'N'),
	(801, 1, 1, '제목299', '내용299', '2022-10-18 18:05:24', NULL, 0, 'N'),
	(802, 1, 1, '제목300', '내용300', '2022-10-18 18:05:24', NULL, 0, 'N'),
	(803, 1, 1, '제목301', '내용301', '2022-10-18 18:05:24', NULL, 0, 'N'),
	(804, 1, 1, '제목302', '내용302', '2022-10-18 18:05:24', NULL, 0, 'N'),
	(805, 1, 1, '제목303', '내용303', '2022-10-18 18:05:24', NULL, 0, 'N'),
	(806, 1, 1, '제목304', '내용304', '2022-10-18 18:05:24', NULL, 0, 'N'),
	(807, 1, 1, '제목305', '내용305', '2022-10-18 18:05:24', NULL, 0, 'N'),
	(808, 1, 1, '제목306', '내용306', '2022-10-18 18:05:24', NULL, 0, 'N'),
	(809, 1, 1, '제목307', '내용307', '2022-10-18 18:05:24', NULL, 0, 'N'),
	(810, 1, 1, '제목308', '내용308', '2022-10-18 18:05:24', NULL, 0, 'N'),
	(811, 1, 1, '제목309', '내용309', '2022-10-18 18:05:24', NULL, 0, 'N'),
	(812, 1, 1, '제목310', '내용310', '2022-10-18 18:05:24', NULL, 0, 'N'),
	(813, 1, 1, '제목311', '내용311', '2022-10-18 18:05:24', NULL, 0, 'N'),
	(814, 1, 1, '제목312', '내용312', '2022-10-18 18:05:24', NULL, 0, 'N'),
	(815, 1, 1, '제목313', '내용313', '2022-10-18 18:05:24', NULL, 0, 'N'),
	(816, 1, 1, '제목314', '내용314', '2022-10-18 18:05:24', NULL, 0, 'N'),
	(817, 1, 1, '제목315', '내용315', '2022-10-18 18:05:24', NULL, 0, 'N'),
	(818, 1, 1, '제목316', '내용316', '2022-10-18 18:05:24', NULL, 0, 'N'),
	(819, 1, 1, '제목317', '내용317', '2022-10-18 18:05:24', NULL, 0, 'N'),
	(820, 1, 1, '제목318', '내용318', '2022-10-18 18:05:24', NULL, 0, 'N'),
	(821, 1, 1, '제목319', '내용319', '2022-10-18 18:05:24', NULL, 0, 'N'),
	(822, 1, 1, '제목320', '내용320', '2022-10-18 18:05:24', NULL, 0, 'N'),
	(823, 1, 1, '제목321', '내용321', '2022-10-18 18:05:24', NULL, 0, 'N'),
	(824, 1, 1, '제목322', '내용322', '2022-10-18 18:05:24', NULL, 0, 'N'),
	(825, 1, 1, '제목323', '내용323', '2022-10-18 18:05:24', NULL, 0, 'N'),
	(826, 1, 1, '제목324', '내용324', '2022-10-18 18:05:24', NULL, 0, 'N'),
	(827, 1, 1, '제목325', '내용325', '2022-10-18 18:05:24', NULL, 0, 'N'),
	(828, 1, 1, '제목326', '내용326', '2022-10-18 18:05:24', NULL, 0, 'N'),
	(829, 1, 1, '제목327', '내용327', '2022-10-18 18:05:24', NULL, 0, 'N'),
	(830, 1, 1, '제목328', '내용328', '2022-10-18 18:05:24', NULL, 0, 'N'),
	(831, 1, 1, '제목329', '내용329', '2022-10-18 18:05:24', NULL, 0, 'N'),
	(832, 1, 1, '제목330', '내용330', '2022-10-18 18:05:24', NULL, 0, 'N'),
	(833, 1, 1, '제목331', '내용331', '2022-10-18 18:05:24', NULL, 0, 'N'),
	(834, 1, 1, '제목332', '내용332', '2022-10-18 18:05:24', NULL, 0, 'N'),
	(835, 1, 1, '제목333', '내용333', '2022-10-18 18:05:24', NULL, 0, 'N'),
	(836, 1, 1, '제목334', '내용334', '2022-10-18 18:05:24', NULL, 0, 'N'),
	(837, 1, 1, '제목335', '내용335', '2022-10-18 18:05:24', NULL, 0, 'N'),
	(838, 1, 1, '제목336', '내용336', '2022-10-18 18:05:24', NULL, 0, 'N'),
	(839, 1, 1, '제목337', '내용337', '2022-10-18 18:05:24', NULL, 0, 'N'),
	(840, 1, 1, '제목338', '내용338', '2022-10-18 18:05:24', NULL, 0, 'N'),
	(841, 1, 1, '제목339', '내용339', '2022-10-18 18:05:24', NULL, 0, 'N'),
	(842, 1, 1, '제목340', '내용340', '2022-10-18 18:05:24', NULL, 0, 'N'),
	(843, 1, 1, '제목341', '내용341', '2022-10-18 18:05:24', NULL, 0, 'N'),
	(844, 1, 1, '제목342', '내용342', '2022-10-18 18:05:24', NULL, 0, 'N'),
	(845, 1, 1, '제목343', '내용343', '2022-10-18 18:05:24', NULL, 0, 'N'),
	(846, 1, 1, '제목344', '내용344', '2022-10-18 18:05:24', NULL, 0, 'N'),
	(847, 1, 1, '제목345', '내용345', '2022-10-18 18:05:24', NULL, 0, 'N'),
	(848, 1, 1, '제목346', '내용346', '2022-10-18 18:05:24', NULL, 0, 'N'),
	(849, 1, 1, '제목347', '내용347', '2022-10-18 18:05:24', NULL, 0, 'N'),
	(850, 1, 1, '제목348', '내용348', '2022-10-18 18:05:24', NULL, 0, 'N'),
	(851, 1, 1, '제목349', '내용349', '2022-10-18 18:05:24', NULL, 0, 'N'),
	(852, 1, 1, '제목350', '내용350', '2022-10-18 18:05:24', NULL, 0, 'N'),
	(853, 1, 1, '제목351', '내용351', '2022-10-18 18:05:24', NULL, 0, 'N'),
	(854, 1, 1, '제목352', '내용352', '2022-10-18 18:05:24', NULL, 0, 'N'),
	(855, 1, 1, '제목353', '내용353', '2022-10-18 18:05:24', NULL, 0, 'N'),
	(856, 1, 1, '제목354', '내용354', '2022-10-18 18:05:24', NULL, 0, 'N'),
	(857, 1, 1, '제목355', '내용355', '2022-10-18 18:05:24', NULL, 0, 'N'),
	(858, 1, 1, '제목356', '내용356', '2022-10-18 18:05:24', NULL, 0, 'N'),
	(859, 1, 1, '제목357', '내용357', '2022-10-18 18:05:24', NULL, 0, 'N'),
	(860, 1, 1, '제목358', '내용358', '2022-10-18 18:05:24', NULL, 0, 'N'),
	(861, 1, 1, '제목359', '내용359', '2022-10-18 18:05:24', NULL, 0, 'N'),
	(862, 1, 1, '제목360', '내용360', '2022-10-18 18:05:24', NULL, 0, 'N'),
	(863, 1, 1, '제목361', '내용361', '2022-10-18 18:05:24', NULL, 0, 'N'),
	(864, 1, 1, '제목362', '내용362', '2022-10-18 18:05:24', NULL, 0, 'N'),
	(865, 1, 1, '제목363', '내용363', '2022-10-18 18:05:24', NULL, 0, 'N'),
	(866, 1, 1, '제목364', '내용364', '2022-10-18 18:05:24', NULL, 0, 'N'),
	(867, 1, 1, '제목365', '내용365', '2022-10-18 18:05:24', NULL, 0, 'N'),
	(868, 1, 1, '제목366', '내용366', '2022-10-18 18:05:24', NULL, 0, 'N'),
	(869, 1, 1, '제목367', '내용367', '2022-10-18 18:05:24', NULL, 0, 'N'),
	(870, 1, 1, '제목368', '내용368', '2022-10-18 18:05:24', NULL, 0, 'N'),
	(871, 1, 1, '제목369', '내용369', '2022-10-18 18:05:24', NULL, 0, 'N'),
	(872, 1, 1, '제목370', '내용370', '2022-10-18 18:05:24', NULL, 0, 'N'),
	(873, 1, 1, '제목371', '내용371', '2022-10-18 18:05:24', NULL, 0, 'N'),
	(874, 1, 1, '제목372', '내용372', '2022-10-18 18:05:24', NULL, 0, 'N'),
	(875, 1, 1, '제목373', '내용373', '2022-10-18 18:05:24', NULL, 0, 'N'),
	(876, 1, 1, '제목374', '내용374', '2022-10-18 18:05:24', NULL, 0, 'N'),
	(877, 1, 1, '제목375', '내용375', '2022-10-18 18:05:24', NULL, 0, 'N'),
	(878, 1, 1, '제목376', '내용376', '2022-10-18 18:05:24', NULL, 0, 'N'),
	(879, 1, 1, '제목377', '내용377', '2022-10-18 18:05:24', NULL, 0, 'N'),
	(880, 1, 1, '제목378', '내용378', '2022-10-18 18:05:24', NULL, 0, 'N'),
	(881, 1, 1, '제목379', '내용379', '2022-10-18 18:05:24', NULL, 0, 'N'),
	(882, 1, 1, '제목380', '내용380', '2022-10-18 18:05:24', NULL, 0, 'N'),
	(883, 1, 1, '제목381', '내용381', '2022-10-18 18:05:24', NULL, 0, 'N'),
	(884, 1, 1, '제목382', '내용382', '2022-10-18 18:05:24', NULL, 0, 'N'),
	(885, 1, 1, '제목383', '내용383', '2022-10-18 18:05:24', NULL, 0, 'N'),
	(886, 1, 1, '제목384', '내용384', '2022-10-18 18:05:24', NULL, 0, 'N'),
	(887, 1, 1, '제목385', '내용385', '2022-10-18 18:05:24', NULL, 0, 'N'),
	(888, 1, 1, '제목386', '내용386', '2022-10-18 18:05:24', NULL, 0, 'N'),
	(889, 1, 1, '제목387', '내용387', '2022-10-18 18:05:24', NULL, 0, 'N'),
	(890, 1, 1, '제목388', '내용388', '2022-10-18 18:05:24', NULL, 0, 'N'),
	(891, 1, 1, '제목389', '내용389', '2022-10-18 18:05:24', NULL, 0, 'N'),
	(892, 1, 1, '제목390', '내용390', '2022-10-18 18:05:24', NULL, 0, 'N'),
	(893, 1, 1, '제목391', '내용391', '2022-10-18 18:05:24', NULL, 0, 'N'),
	(894, 1, 1, '제목392', '내용392', '2022-10-18 18:05:24', NULL, 0, 'N'),
	(895, 1, 1, '제목393', '내용393', '2022-10-18 18:05:24', NULL, 0, 'N'),
	(896, 1, 1, '제목394', '내용394', '2022-10-18 18:05:24', NULL, 0, 'N'),
	(897, 1, 1, '제목395', '내용395', '2022-10-18 18:05:24', NULL, 0, 'N'),
	(898, 1, 1, '제목396', '내용396', '2022-10-18 18:05:24', NULL, 0, 'N'),
	(899, 1, 1, '제목397', '내용397', '2022-10-18 18:05:24', NULL, 0, 'N'),
	(900, 1, 1, '제목398', '내용398', '2022-10-18 18:05:24', NULL, 0, 'N'),
	(901, 1, 1, '제목399', '내용399', '2022-10-18 18:05:24', NULL, 0, 'N'),
	(902, 1, 1, '제목400', '내용400번이지롱 수정', '2022-10-18 18:05:24', '2022-10-19 15:58:38', 6, 'N'),
	(903, 1, 1, '제목401', '내용401', '2022-10-18 18:05:24', NULL, 0, 'N'),
	(904, 1, 1, '제목402', '내용402', '2022-10-18 18:05:24', NULL, 0, 'N'),
	(905, 1, 1, '제목403', '내용403', '2022-10-18 18:05:24', NULL, 0, 'N'),
	(906, 1, 1, '제목404', '내용404', '2022-10-18 18:05:24', NULL, 0, 'N'),
	(907, 1, 1, '제목405', '내용405', '2022-10-18 18:05:24', NULL, 0, 'N'),
	(908, 1, 1, '제목406', '내용406', '2022-10-18 18:05:24', NULL, 0, 'N'),
	(909, 1, 1, '제목407', '내용407', '2022-10-18 18:05:24', NULL, 0, 'N'),
	(910, 1, 1, '제목408', '내용408', '2022-10-18 18:05:24', NULL, 0, 'N'),
	(911, 1, 1, '제목409', '내용409', '2022-10-18 18:05:24', NULL, 0, 'N'),
	(912, 1, 1, '제목410', '내용410', '2022-10-18 18:05:24', NULL, 0, 'N'),
	(913, 1, 1, '제목411', '내용411', '2022-10-18 18:05:24', NULL, 2, 'N'),
	(914, 1, 1, '제목412', '내용412', '2022-10-18 18:05:24', NULL, 0, 'N'),
	(915, 1, 1, '제목413', '내용413', '2022-10-18 18:05:24', NULL, 0, 'N'),
	(916, 1, 1, '제목414', '내용414', '2022-10-18 18:05:24', NULL, 0, 'N'),
	(917, 1, 1, '제목415', '내용415', '2022-10-18 18:05:24', NULL, 0, 'N'),
	(918, 1, 1, '제목416', '내용416', '2022-10-18 18:05:24', NULL, 0, 'N'),
	(919, 1, 1, '제목417', '내용417', '2022-10-18 18:05:24', NULL, 0, 'N'),
	(920, 1, 1, '제목418', '내용418', '2022-10-18 18:05:24', NULL, 0, 'N'),
	(921, 1, 1, '제목419', '내용419', '2022-10-18 18:05:24', NULL, 0, 'N'),
	(922, 1, 1, '제목420', '내용420', '2022-10-18 18:05:24', NULL, 1, 'N'),
	(923, 1, 1, '제목421', '내용421', '2022-10-18 18:05:24', NULL, 0, 'N'),
	(924, 1, 1, '제목422', '내용422', '2022-10-18 18:05:24', NULL, 0, 'N'),
	(925, 1, 1, '제목423', '내용423', '2022-10-18 18:05:24', NULL, 0, 'N'),
	(926, 1, 1, '제목424', '내용424', '2022-10-18 18:05:24', NULL, 0, 'N'),
	(927, 1, 1, '제목425', '내용425', '2022-10-18 18:05:24', NULL, 0, 'N'),
	(928, 1, 1, '제목426', '내용426', '2022-10-18 18:05:24', NULL, 0, 'N'),
	(929, 1, 1, '제목427', '내용427', '2022-10-18 18:05:24', NULL, 0, 'N'),
	(930, 1, 1, '제목428', '내용428', '2022-10-18 18:05:24', NULL, 1, 'N'),
	(931, 1, 1, '제목429', '내용429', '2022-10-18 18:05:24', NULL, 0, 'N'),
	(932, 1, 1, '제목430', '내용430', '2022-10-18 18:05:24', NULL, 1, 'N'),
	(933, 1, 1, '제목431', '내용431', '2022-10-18 18:05:24', NULL, 0, 'N'),
	(934, 1, 1, '제목432', '내용432', '2022-10-18 18:05:24', NULL, 1, 'N'),
	(935, 1, 1, '제목433', '내용433', '2022-10-18 18:05:24', NULL, 0, 'N'),
	(936, 1, 1, '제목434', '내용434', '2022-10-18 18:05:24', NULL, 0, 'N'),
	(937, 1, 1, '제목435', '내용435', '2022-10-18 18:05:24', NULL, 0, 'N'),
	(938, 1, 1, '제목436', '내용436', '2022-10-18 18:05:24', NULL, 0, 'N'),
	(939, 1, 1, '제목437', '내용437', '2022-10-18 18:05:24', NULL, 0, 'N'),
	(940, 1, 1, '제목438', '내용438', '2022-10-18 18:05:24', NULL, 0, 'N'),
	(941, 1, 1, '제목439', '내용439', '2022-10-18 18:05:24', NULL, 0, 'N'),
	(942, 1, 1, '제목440', '내용440', '2022-10-18 18:05:24', NULL, 1, 'N'),
	(943, 1, 1, '제목441', '내용441', '2022-10-18 18:05:24', NULL, 0, 'N'),
	(944, 1, 1, '제목442', '내용442', '2022-10-18 18:05:24', NULL, 0, 'N'),
	(945, 1, 1, '제목443', '내용443', '2022-10-18 18:05:24', NULL, 1, 'N'),
	(946, 1, 1, '제목444', '내용444이지롱 수정~~', '2022-10-18 18:05:24', '2022-10-19 16:05:13', 4, 'N'),
	(947, 1, 1, '제목445', '내용445', '2022-10-18 18:05:24', NULL, 0, 'N'),
	(948, 1, 1, '제목446', '내용446', '2022-10-18 18:05:24', NULL, 0, 'N'),
	(949, 1, 1, '제목447', '내용447', '2022-10-18 18:05:24', NULL, 0, 'N'),
	(950, 1, 1, '제목448', '내용448', '2022-10-18 18:05:24', NULL, 0, 'N'),
	(951, 1, 1, '제목449', '내용449', '2022-10-18 18:05:24', NULL, 0, 'N'),
	(952, 1, 1, '제목450', '내용450', '2022-10-18 18:05:24', NULL, 0, 'N'),
	(953, 1, 1, '제목451', '내용451', '2022-10-18 18:05:24', NULL, 0, 'N'),
	(954, 1, 1, '제목452', '내용452', '2022-10-18 18:05:24', NULL, 0, 'N'),
	(955, 1, 1, '제목453', '내용453', '2022-10-18 18:05:24', NULL, 0, 'N'),
	(956, 1, 1, '제목454', '내용454', '2022-10-18 18:05:24', NULL, 0, 'N'),
	(957, 1, 1, '제목455', '내용455', '2022-10-18 18:05:24', NULL, 0, 'N'),
	(958, 1, 1, '제목456', '내용456', '2022-10-18 18:05:24', NULL, 0, 'N'),
	(959, 1, 1, '제목457', '내용457', '2022-10-18 18:05:24', NULL, 0, 'N'),
	(960, 1, 1, '제목458', '내용458', '2022-10-18 18:05:24', NULL, 0, 'N'),
	(961, 1, 1, '제목459', '내용459', '2022-10-18 18:05:24', NULL, 0, 'N'),
	(962, 1, 1, '제목460', '내용460', '2022-10-18 18:05:24', NULL, 0, 'N'),
	(963, 1, 1, '제목461', '내용461', '2022-10-18 18:05:24', NULL, 0, 'N'),
	(964, 1, 1, '제목462', '내용462', '2022-10-18 18:05:24', NULL, 0, 'N'),
	(965, 1, 1, '제목463', '내용463', '2022-10-18 18:05:24', '2022-10-25 13:00:01', 3, 'N'),
	(966, 1, 1, '제목464', '내용464', '2022-10-18 18:05:24', NULL, 0, 'N'),
	(967, 1, 1, '제목465', '내용465', '2022-10-18 18:05:24', NULL, 0, 'N'),
	(968, 1, 1, '제목466', '내용466', '2022-10-18 18:05:24', NULL, 0, 'N'),
	(969, 1, 1, '제목467', '내용467', '2022-10-18 18:05:24', NULL, 0, 'N'),
	(970, 1, 1, '제목468', '내용468', '2022-10-18 18:05:24', NULL, 0, 'N'),
	(971, 1, 1, '제목469', '내용469', '2022-10-18 18:05:24', NULL, 0, 'N'),
	(972, 1, 1, '제목470', '내용470', '2022-10-18 18:05:24', NULL, 0, 'N'),
	(973, 1, 1, '제목471', '내용471', '2022-10-18 18:05:24', NULL, 0, 'N'),
	(974, 1, 1, '제목472', '내용472', '2022-10-18 18:05:24', NULL, 1, 'N'),
	(975, 1, 1, '제목473', '내용473', '2022-10-18 18:05:24', NULL, 0, 'N'),
	(976, 1, 1, '제목474', '내용474', '2022-10-18 18:05:24', NULL, 0, 'N'),
	(977, 1, 1, '제목475', '내용475', '2022-10-18 18:05:24', NULL, 0, 'N'),
	(978, 1, 1, '제목476', '내용476', '2022-10-18 18:05:24', NULL, 0, 'N'),
	(979, 1, 1, '제목477', '내용477', '2022-10-18 18:05:24', NULL, 0, 'N'),
	(980, 1, 1, '제목478', '내용478', '2022-10-18 18:05:24', NULL, 0, 'N'),
	(981, 1, 1, '제목479', '내용479', '2022-10-18 18:05:24', NULL, 0, 'N'),
	(982, 1, 1, '제목480', '내용480', '2022-10-18 18:05:24', NULL, 0, 'N'),
	(983, 1, 1, '제목481', '내용481', '2022-10-18 18:05:24', NULL, 0, 'N'),
	(984, 1, 1, '제목482', '내용482', '2022-10-18 18:05:24', NULL, 0, 'N'),
	(985, 1, 1, '제목483', '내용483', '2022-10-18 18:05:24', NULL, 0, 'N'),
	(986, 1, 1, '제목484', '내용484', '2022-10-18 18:05:24', NULL, 0, 'N'),
	(987, 1, 1, '제목485', '내용485', '2022-10-18 18:05:24', NULL, 0, 'N'),
	(988, 1, 1, '제목486', '내용486', '2022-10-18 18:05:24', NULL, 0, 'N'),
	(989, 1, 1, '제목487', '내용487', '2022-10-18 18:05:24', NULL, 0, 'N'),
	(990, 1, 1, '제목488', '내용488', '2022-10-18 18:05:24', NULL, 0, 'N'),
	(991, 1, 1, '제목489', '내용489', '2022-10-18 18:05:24', NULL, 1, 'N'),
	(992, 1, 1, '제목490', '내용490', '2022-10-18 18:05:24', NULL, 1, 'N'),
	(993, 1, 1, '제목491', '내용491', '2022-10-18 18:05:24', NULL, 7, 'N'),
	(994, 1, 1, '제목492', '내용492', '2022-10-18 18:05:24', NULL, 1, 'N'),
	(995, 1, 1, '제목493', '내용493', '2022-10-18 18:05:24', NULL, 1, 'N'),
	(996, 1, 1, '제목494', '내용494', '2022-10-18 18:05:24', NULL, 1, 'N'),
	(997, 1, 1, '제목495', '내용495', '2022-10-18 18:05:24', NULL, 5, 'N'),
	(998, 1, 1, '제목496', '내용496', '2022-10-18 18:05:24', NULL, 4, 'N'),
	(999, 1, 1, '수정제목497', '수정내용497', '2022-10-18 18:05:24', '2022-10-26 12:12:58', 14, 'N'),
	(1000, 1, 1, '제목498', '내용498', '2022-10-18 18:05:24', NULL, 10, 'N'),
	(1001, 1, 1, '제목499', '내용499', '2022-10-18 18:05:24', NULL, 33, 'N'),
	(1002, 1, 1, '제목500', '내용500', '2022-10-18 18:05:24', NULL, 60, 'N'),
	(1003, 10, 2, '업로드 테스트', '123ㅁㄴㅇ', '2022-10-21 11:22:07', NULL, 24, 'N'),
	(1006, 10, 2, 'asdasdas', '123123', '2022-10-21 12:45:02', NULL, 30, 'N'),
	(1007, 10, 2, '파일 취소 테스트', '12312ㅁㄴㅇㅁㅇ', '2022-10-21 15:18:12', NULL, 5, 'N'),
	(1008, 10, 2, 'ㅁㄴㅇㅁㄴㅇ수정', '수정ㅁ1231ㅁㅇㄴ', '2022-10-21 15:18:37', '2022-10-26 12:33:49', 8, 'N'),
	(1009, 10, 2, '파일수정', '파일수정', '2022-10-21 15:53:57', '2022-10-25 11:45:40', 84, 'N'),
	(1010, 10, 2, '게시판 분류 테스트수정', '수정123', '2022-10-25 12:54:13', '2022-10-26 12:13:16', 26, 'N'),
	(1011, 10, 2, '분류 테스트', '1231231', '2022-10-25 12:55:56', NULL, 11, 'N'),
	(1012, 10, 2, '첨부파일 게시판 분류 테스트 33 삭제', '123123수정 삭제', '2022-10-25 12:56:46', '2022-10-26 12:35:49', 100, 'N'),
	(1013, 1, 1, '쿼리', '쿼리', '2022-10-26 17:41:00', '2022-10-28 12:33:27', 3, 'N');
/*!40000 ALTER TABLE `tb_post` ENABLE KEYS */;

-- 테이블 mini_board.tb_post_file 구조 내보내기
CREATE TABLE IF NOT EXISTS `tb_post_file` (
  `idx` int(11) NOT NULL AUTO_INCREMENT COMMENT 'PK',
  `post_idx` int(11) NOT NULL COMMENT '게시판 PK',
  `board_idx` int(11) NOT NULL COMMENT '게시판 분류 PK',
  `originname` varchar(255) DEFAULT NULL COMMENT '업로드시 원래 파일명',
  `uuid` varchar(255) DEFAULT NULL COMMENT '업로드시 저장된 파일명',
  `size` int(11) DEFAULT NULL COMMENT '파일 크기',
  `type` varchar(10) DEFAULT NULL COMMENT '파일 확장자',
  `path` varchar(255) DEFAULT NULL COMMENT '업로드시 파일경로',
  `delete_yn` varchar(10) DEFAULT NULL,
  PRIMARY KEY (`idx`) USING BTREE,
  UNIQUE KEY `uuid` (`uuid`),
  KEY `FK_tb_post_file_tb_board_group` (`board_idx`) USING BTREE,
  KEY `FK_tb_post_file_tb_post` (`post_idx`),
  CONSTRAINT `FK_tb_post_file_tb_board` FOREIGN KEY (`board_idx`) REFERENCES `tb_board` (`idx`) ON DELETE NO ACTION ON UPDATE NO ACTION,
  CONSTRAINT `FK_tb_post_file_tb_post` FOREIGN KEY (`post_idx`) REFERENCES `tb_post` (`idx`) ON DELETE NO ACTION ON UPDATE NO ACTION
) ENGINE=InnoDB AUTO_INCREMENT=20 DEFAULT CHARSET=utf8mb4;

-- 테이블 데이터 mini_board.tb_post_file:~10 rows (대략적) 내보내기
DELETE FROM `tb_post_file`;
/*!40000 ALTER TABLE `tb_post_file` DISABLE KEYS */;
INSERT INTO `tb_post_file` (`idx`, `post_idx`, `board_idx`, `originname`, `uuid`, `size`, `type`, `path`, `delete_yn`) VALUES
	(1, 1003, 10, 'image', '071dd479-9adf-4305-b0d3-244d08a8e5fa', 2408, 'png', 'C:/Users/user/study/file/071dd479-9adf-4305-b0d3-244d08a8e5fa', 'Y'),
	(2, 1006, 10, 'music', '7ada72fb-a8d1-4139-8b6b-2fdba4b3d9a6', 26172, 'png', 'C:/Users/user/study/file/7ada72fb-a8d1-4139-8b6b-2fdba4b3d9a6', 'N'),
	(3, 1009, 10, '문서', 'aedd8099-acc5-42c7-bb23-226452d81285', 3, 'txt', 'C:/Users/user/study/file/aedd8099-acc5-42c7-bb23-226452d81285', 'Y'),
	(4, 1009, 10, 'image', '6aa3bc75-ce3b-4041-8a00-d1b6367e42d5', 2408, 'png', 'C:/Users/user/study/file/6aa3bc75-ce3b-4041-8a00-d1b6367e42d5', 'Y'),
	(5, 1009, 10, 'movie', 'd1e84495-7aba-45db-b157-b28f8715e2f4', 13880, 'png', 'C:/Users/user/study/file/d1e84495-7aba-45db-b157-b28f8715e2f4', 'Y'),
	(11, 1009, 10, 'music', '7e16b10e-b7c2-4b7e-ba48-05ec2fe22e7c', 26172, 'png', 'C:/Users/user/study/file/7e16b10e-b7c2-4b7e-ba48-05ec2fe22e7c', 'N'),
	(12, 965, 1, '문서', '7724d57f-e12a-4f95-9072-3793a78d96ee', 3, 'txt', 'C:/Users/user/study/file/7724d57f-e12a-4f95-9072-3793a78d96ee', 'N'),
	(13, 1012, 10, '문서', '1eeda02a-a50e-4074-873a-e5a173adb9ce', 3, 'txt', 'C:/Users/user/study/file/1eeda02a-a50e-4074-873a-e5a173adb9ce', 'Y'),
	(17, 1012, 10, 'image', '44c592cc-1ec8-462a-aeed-b7a14c2246fe', 2408, 'png', 'C:/Users/user/study/file/44c592cc-1ec8-462a-aeed-b7a14c2246fe', 'Y'),
	(18, 1012, 10, 'music', '72d61ec5-5899-41df-bb0d-f3aaabbc8374', 26172, 'png', 'C:/Users/user/study/file/72d61ec5-5899-41df-bb0d-f3aaabbc8374', 'N'),
	(19, 1013, 1, 'test', '8072bddb-0543-434d-bbfe-a19a328451ef', 4, 'txt', 'C:/Users/user/study/file/8072bddb-0543-434d-bbfe-a19a328451ef', 'N');
/*!40000 ALTER TABLE `tb_post_file` ENABLE KEYS */;

-- 테이블 mini_board.tb_user 구조 내보내기
CREATE TABLE IF NOT EXISTS `tb_user` (
  `idx` int(11) NOT NULL AUTO_INCREMENT COMMENT 'PK',
  `id` varchar(255) NOT NULL COMMENT '회원 아이디',
  `level` int(11) DEFAULT NULL COMMENT '회원 권한레벨',
  `password` varchar(255) DEFAULT NULL COMMENT '회원 비밀번호',
  `email` varchar(255) DEFAULT NULL COMMENT '회원 이메일',
  `name` varchar(255) DEFAULT NULL COMMENT '회원 이름',
  `nickname` varchar(255) DEFAULT NULL COMMENT '회원 닉네임',
  `phone` varchar(255) DEFAULT NULL COMMENT '회원 연락처',
  `latest_login` datetime DEFAULT NULL COMMENT '최종 로그인 시간',
  `regdate` datetime DEFAULT NULL COMMENT '회원등록일',
  PRIMARY KEY (`idx`) USING BTREE,
  UNIQUE KEY `user_id` (`id`) USING BTREE
) ENGINE=InnoDB AUTO_INCREMENT=10 DEFAULT CHARSET=utf8mb4;

-- 테이블 데이터 mini_board.tb_user:~8 rows (대략적) 내보내기
DELETE FROM `tb_user`;
/*!40000 ALTER TABLE `tb_user` DISABLE KEYS */;
INSERT INTO `tb_user` (`idx`, `id`, `level`, `password`, `email`, `name`, `nickname`, `phone`, `latest_login`, `regdate`) VALUES
	(1, 'admin', 1, '$2a$10$PJzLGO0c7L/AmB86hwmWUOLBE4nsAkApOntnuGJ3s6l4CRO.sxX1.', 'admin@develop.com', '관리자', '관리자', '042-123-4567', '2022-10-28 12:32:49', '2022-10-11 18:19:50'),
	(2, 'test123', 10, '$2a$10$PJzLGO0c7L/AmB86hwmWUOLBE4nsAkApOntnuGJ3s6l4CRO.sxX1.', 'test@gmail.com', '테스터', '테스터123', '010-1234-5678', '2022-10-26 16:04:17', '2022-10-12 18:07:22'),
	(3, 'tester', 10, '$2a$10$PJzLGO0c7L/AmB86hwmWUOLBE4nsAkApOntnuGJ3s6l4CRO.sxX1.', 'test@gmail.com', '테스터', '테스터', '010-1234-5678', '2022-10-26 17:23:59', '2022-10-12 18:08:46'),
	(4, 'test111', 10, '$2a$10$PJzLGO0c7L/AmB86hwmWUOLBE4nsAkApOntnuGJ3s6l4CRO.sxX1.', 'test@gmail.com', '테스터', '테스터', '010-1234-5678', '2022-10-26 12:32:22', '2022-10-12 18:12:39'),
	(5, 'test1111', 10, '$2a$10$PJzLGO0c7L/AmB86hwmWUOLBE4nsAkApOntnuGJ3s6l4CRO.sxX1.', 'test@gmail.com', '테스터', '테스터', '010-1234-5678', NULL, '2022-10-12 18:21:11'),
	(7, 'test1234', 10, '$2a$10$PJzLGO0c7L/AmB86hwmWUOLBE4nsAkApOntnuGJ3s6l4CRO.sxX1.', 'test@gmail.com', '테스터', '테스터1234', '010-1234-5678', '2022-10-18 17:56:28', '2022-10-12 18:24:37'),
	(8, 'pwtester', 10, '$2a$10$PJzLGO0c7L/AmB86hwmWUOLBE4nsAkApOntnuGJ3s6l4CRO.sxX1.', 'test@gmail.com', '테스터', '테스터', '010-1234-5678', NULL, '2022-10-13 14:56:55'),
	(9, 'tdqwd1212', 10, '$2a$10$lfarQnSqps/cEZKdk7VMoOxtYLVnzNF6lwkHtiotN2xESYIYCyJ4.', 'test@gmail.com', '테스터', '테스터', '010-1234-5678', NULL, '2022-10-13 19:49:01');
/*!40000 ALTER TABLE `tb_user` ENABLE KEYS */;

/*!40101 SET SQL_MODE=IFNULL(@OLD_SQL_MODE, '') */;
/*!40014 SET FOREIGN_KEY_CHECKS=IFNULL(@OLD_FOREIGN_KEY_CHECKS, 1) */;
/*!40101 SET CHARACTER_SET_CLIENT=@OLD_CHARACTER_SET_CLIENT */;
/*!40111 SET SQL_NOTES=IFNULL(@OLD_SQL_NOTES, 1) */;
